seed_id,case_group,case_type,article,item_no,name,legal_basis,source_document,source_url,chapter,chapter_name,notes
HS_D108,Hình sự,Tội danh,108,,Tội phản bội Tổ quốc,Điều 108 Bộ luật Hình sự (VBHN 135/VBHN-VPQH năm 2025),Bộ luật Hình sự - VBHN 135/VBHN-VPQH năm 2025,https://datafiles.chinhphu.vn/cpp/files/vbpq/2025/9/135-vbhn-vpqh.pdf,Chương XIII,Các tội xâm phạm an ninh quốc gia,Trích tự động từ tiêu đề điều luật bắt đầu bằng “Tội ...”; cần rà soát khi cập nhật VBHN mới.
HS_D109,Hình sự,Tội danh,109,,Tội hoạt động nhằm lật đổ chính quyền nhân dân,Điều 109 Bộ luật Hình sự (VBHN 135/VBHN-VPQH năm 2025),Bộ luật Hình sự - VBHN 135/VBHN-VPQH năm 2025,https://datafiles.chinhphu.vn/cpp/files/vbpq/2025/9/135-vbhn-vpqh.pdf,Chương XIII,Các tội xâm phạm an ninh quốc gia,Trích tự động từ tiêu đề điều luật bắt đầu bằng “Tội ...”; cần rà soát khi cập nhật VBHN mới.
HS_D110,Hình sự,Tội danh,110,,Tội gián điệp,Điều 110 Bộ luật Hình sự (VBHN 135/VBHN-VPQH năm 2025),Bộ luật Hình sự - VBHN 135/VBHN-VPQH năm 2025,https://datafiles.chinhphu.vn/cpp/files/vbpq/2025/9/135-vbhn-vpqh.pdf,Chương XIII,Các tội xâm phạm an ninh quốc gia,Trích tự động từ tiêu đề điều luật bắt đầu bằng “Tội ...”; cần rà soát khi cập nhật VBHN mới.
HS_D111,Hình sự,Tội danh,111,,Tội xâm phạm an ninh lãnh thổ,Điều 111 Bộ luật Hình sự (VBHN 135/VBHN-VPQH năm 2025),Bộ luật Hình sự - VBHN 135/VBHN-VPQH năm 2025,https://datafiles.chinhphu.vn/cpp/files/vbpq/2025/9/135-vbhn-vpqh.pdf,Chương XIII,Các tội xâm phạm an ninh quốc gia,Trích tự động từ tiêu đề điều luật bắt đầu bằng “Tội ...”; cần rà soát khi cập nhật VBHN mới.
HS_D112,Hình sự,Tội danh,112,,Tội bạo loạn,Điều 112 Bộ luật Hình sự (VBHN 135/VBHN-VPQH năm 2025),Bộ luật Hình sự - VBHN 135/VBHN-VPQH năm 2025,https://datafiles.chinhphu.vn/cpp/files/vbpq/2025/9/135-vbhn-vpqh.pdf,Chương XIII,Các tội xâm phạm an ninh quốc gia,Trích tự động từ tiêu đề điều luật bắt đầu bằng “Tội ...”; cần rà soát khi cập nhật VBHN mới.
HS_D113,Hình sự,Tội danh,113,,Tội khủng bố nhằm chống chính quyền nhân dân,Điều 113 Bộ luật Hình sự (VBHN 135/VBHN-VPQH năm 2025),Bộ luật Hình sự - VBHN 135/VBHN-VPQH năm 2025,https://datafiles.chinhphu.vn/cpp/files/vbpq/2025/9/135-vbhn-vpqh.pdf,Chương XIII,Các tội xâm phạm an ninh quốc gia,Trích tự động từ tiêu đề điều luật bắt đầu bằng “Tội ...”; cần rà soát khi cập nhật VBHN mới.
HS_D114,Hình sự,Tội danh,114,,Tội phá hoại cơ sở vật chất - kỹ thuật của nước Cộng hòa xã hội chủ nghĩa Việt Nam,Điều 114 Bộ luật Hình sự (VBHN 135/VBHN-VPQH năm 2025),Bộ luật Hình sự - VBHN 135/VBHN-VPQH năm 2025,https://datafiles.chinhphu.vn/cpp/files/vbpq/2025/9/135-vbhn-vpqh.pdf,Chương XIII,Các tội xâm phạm an ninh quốc gia,Trích tự động từ tiêu đề điều luật bắt đầu bằng “Tội ...”; cần rà soát khi cập nhật VBHN mới.
HS_D115,Hình sự,Tội danh,115,,Tội phá hoại việc thực hiện các chính sách kinh tế - xã hội,Điều 115 Bộ luật Hình sự (VBHN 135/VBHN-VPQH năm 2025),Bộ luật Hình sự - VBHN 135/VBHN-VPQH năm 2025,https://datafiles.chinhphu.vn/cpp/files/vbpq/2025/9/135-vbhn-vpqh.pdf,Chương XIII,Các tội xâm phạm an ninh quốc gia,Trích tự động từ tiêu đề điều luật bắt đầu bằng “Tội ...”; cần rà soát khi cập nhật VBHN mới.
HS_D116,Hình sự,Tội danh,116,,Tội phá hoại chính sách đoàn kết,Điều 116 Bộ luật Hình sự (VBHN 135/VBHN-VPQH năm 2025),Bộ luật Hình sự - VBHN 135/VBHN-VPQH năm 2025,https://datafiles.chinhphu.vn/cpp/files/vbpq/2025/9/135-vbhn-vpqh.pdf,Chương XIII,Các tội xâm phạm an ninh quốc gia,Trích tự động từ tiêu đề điều luật bắt đầu bằng “Tội ...”; cần rà soát khi cập nhật VBHN mới.
HS_D117,Hình sự,Tội danh,117,,"Tội làm, tàng trữ, phát tán hoặc tuyên truyền thông tin, tài liệu, vật phẩm nhằm chống Nhà nước Cộng hòa xã hội chủ nghĩa Việt Nam",Điều 117 Bộ luật Hình sự (VBHN 135/VBHN-VPQH năm 2025),Bộ luật Hình sự - VBHN 135/VBHN-VPQH năm 2025,https://datafiles.chinhphu.vn/cpp/files/vbpq/2025/9/135-vbhn-vpqh.pdf,Chương XIII,Các tội xâm phạm an ninh quốc gia,Trích tự động từ tiêu đề điều luật bắt đầu bằng “Tội ...”; cần rà soát khi cập nhật VBHN mới.
HS_D118,Hình sự,Tội danh,118,,Tội phá rối an ninh,Điều 118 Bộ luật Hình sự (VBHN 135/VBHN-VPQH năm 2025),Bộ luật Hình sự - VBHN 135/VBHN-VPQH năm 2025,https://datafiles.chinhphu.vn/cpp/files/vbpq/2025/9/135-vbhn-vpqh.pdf,Chương XIII,Các tội xâm phạm an ninh quốc gia,Trích tự động từ tiêu đề điều luật bắt đầu bằng “Tội ...”; cần rà soát khi cập nhật VBHN mới.
HS_D119,Hình sự,Tội danh,119,,Tội chống phá cơ sở giam giữ,Điều 119 Bộ luật Hình sự (VBHN 135/VBHN-VPQH năm 2025),Bộ luật Hình sự - VBHN 135/VBHN-VPQH năm 2025,https://datafiles.chinhphu.vn/cpp/files/vbpq/2025/9/135-vbhn-vpqh.pdf,Chương XIII,Các tội xâm phạm an ninh quốc gia,Trích tự động từ tiêu đề điều luật bắt đầu bằng “Tội ...”; cần rà soát khi cập nhật VBHN mới.
HS_D120,Hình sự,Tội danh,120,,"Tội tổ chức, cưỡng ép, xúi giục người khác trốn đi nước ngoài hoặc trốn ở lại nước ngoài nhằm chống chính quyền nhân dân",Điều 120 Bộ luật Hình sự (VBHN 135/VBHN-VPQH năm 2025),Bộ luật Hình sự - VBHN 135/VBHN-VPQH năm 2025,https://datafiles.chinhphu.vn/cpp/files/vbpq/2025/9/135-vbhn-vpqh.pdf,Chương XIII,Các tội xâm phạm an ninh quốc gia,Trích tự động từ tiêu đề điều luật bắt đầu bằng “Tội ...”; cần rà soát khi cập nhật VBHN mới.
HS_D121,Hình sự,Tội danh,121,,Tội trốn đi nước ngoài hoặc trốn ở lại nước ngoài nhằm chống chính quyền nhân dân,Điều 121 Bộ luật Hình sự (VBHN 135/VBHN-VPQH năm 2025),Bộ luật Hình sự - VBHN 135/VBHN-VPQH năm 2025,https://datafiles.chinhphu.vn/cpp/files/vbpq/2025/9/135-vbhn-vpqh.pdf,Chương XIII,Các tội xâm phạm an ninh quốc gia,Trích tự động từ tiêu đề điều luật bắt đầu bằng “Tội ...”; cần rà soát khi cập nhật VBHN mới.
HS_D123,Hình sự,Tội danh,123,,Tội giết người,Điều 123 Bộ luật Hình sự (VBHN 135/VBHN-VPQH năm 2025),Bộ luật Hình sự - VBHN 135/VBHN-VPQH năm 2025,https://datafiles.chinhphu.vn/cpp/files/vbpq/2025/9/135-vbhn-vpqh.pdf,Chương XIV,"Các tội xâm phạm tính mạng, sức khỏe, nhân phẩm, danh dự của con người",Trích tự động từ tiêu đề điều luật bắt đầu bằng “Tội ...”; cần rà soát khi cập nhật VBHN mới.
HS_D124,Hình sự,Tội danh,124,,Tội giết hoặc vứt bỏ con mới đẻ,Điều 124 Bộ luật Hình sự (VBHN 135/VBHN-VPQH năm 2025),Bộ luật Hình sự - VBHN 135/VBHN-VPQH năm 2025,https://datafiles.chinhphu.vn/cpp/files/vbpq/2025/9/135-vbhn-vpqh.pdf,Chương XIV,"Các tội xâm phạm tính mạng, sức khỏe, nhân phẩm, danh dự của con người",Trích tự động từ tiêu đề điều luật bắt đầu bằng “Tội ...”; cần rà soát khi cập nhật VBHN mới.
HS_D125,Hình sự,Tội danh,125,,Tội giết người trong trạng thái tinh thần bị kích động mạnh,Điều 125 Bộ luật Hình sự (VBHN 135/VBHN-VPQH năm 2025),Bộ luật Hình sự - VBHN 135/VBHN-VPQH năm 2025,https://datafiles.chinhphu.vn/cpp/files/vbpq/2025/9/135-vbhn-vpqh.pdf,Chương XIV,"Các tội xâm phạm tính mạng, sức khỏe, nhân phẩm, danh dự của con người",Trích tự động từ tiêu đề điều luật bắt đầu bằng “Tội ...”; cần rà soát khi cập nhật VBHN mới.
HS_D126,Hình sự,Tội danh,126,,Tội giết người do vượt quá giới hạn phòng vệ chính đáng hoặc do vượt quá mức cần thiết khi bắt giữ người phạm tội,Điều 126 Bộ luật Hình sự (VBHN 135/VBHN-VPQH năm 2025),Bộ luật Hình sự - VBHN 135/VBHN-VPQH năm 2025,https://datafiles.chinhphu.vn/cpp/files/vbpq/2025/9/135-vbhn-vpqh.pdf,Chương XIV,"Các tội xâm phạm tính mạng, sức khỏe, nhân phẩm, danh dự của con người",Trích tự động từ tiêu đề điều luật bắt đầu bằng “Tội ...”; cần rà soát khi cập nhật VBHN mới.
HS_D127,Hình sự,Tội danh,127,,Tội làm chết người trong khi thi hành công vụ,Điều 127 Bộ luật Hình sự (VBHN 135/VBHN-VPQH năm 2025),Bộ luật Hình sự - VBHN 135/VBHN-VPQH năm 2025,https://datafiles.chinhphu.vn/cpp/files/vbpq/2025/9/135-vbhn-vpqh.pdf,Chương XIV,"Các tội xâm phạm tính mạng, sức khỏe, nhân phẩm, danh dự của con người",Trích tự động từ tiêu đề điều luật bắt đầu bằng “Tội ...”; cần rà soát khi cập nhật VBHN mới.
HS_D128,Hình sự,Tội danh,128,,Tội vô ý làm chết người,Điều 128 Bộ luật Hình sự (VBHN 135/VBHN-VPQH năm 2025),Bộ luật Hình sự - VBHN 135/VBHN-VPQH năm 2025,https://datafiles.chinhphu.vn/cpp/files/vbpq/2025/9/135-vbhn-vpqh.pdf,Chương XIV,"Các tội xâm phạm tính mạng, sức khỏe, nhân phẩm, danh dự của con người",Trích tự động từ tiêu đề điều luật bắt đầu bằng “Tội ...”; cần rà soát khi cập nhật VBHN mới.
HS_D129,Hình sự,Tội danh,129,,Tội vô ý làm chết người do vi phạm quy tắc nghề nghiệp hoặc quy tắc hành chính,Điều 129 Bộ luật Hình sự (VBHN 135/VBHN-VPQH năm 2025),Bộ luật Hình sự - VBHN 135/VBHN-VPQH năm 2025,https://datafiles.chinhphu.vn/cpp/files/vbpq/2025/9/135-vbhn-vpqh.pdf,Chương XIV,"Các tội xâm phạm tính mạng, sức khỏe, nhân phẩm, danh dự của con người",Trích tự động từ tiêu đề điều luật bắt đầu bằng “Tội ...”; cần rà soát khi cập nhật VBHN mới.
HS_D130,Hình sự,Tội danh,130,,Tội bức tử,Điều 130 Bộ luật Hình sự (VBHN 135/VBHN-VPQH năm 2025),Bộ luật Hình sự - VBHN 135/VBHN-VPQH năm 2025,https://datafiles.chinhphu.vn/cpp/files/vbpq/2025/9/135-vbhn-vpqh.pdf,Chương XIV,"Các tội xâm phạm tính mạng, sức khỏe, nhân phẩm, danh dự của con người",Trích tự động từ tiêu đề điều luật bắt đầu bằng “Tội ...”; cần rà soát khi cập nhật VBHN mới.
HS_D131,Hình sự,Tội danh,131,,Tội xúi giục hoặc giúp người khác tự sát,Điều 131 Bộ luật Hình sự (VBHN 135/VBHN-VPQH năm 2025),Bộ luật Hình sự - VBHN 135/VBHN-VPQH năm 2025,https://datafiles.chinhphu.vn/cpp/files/vbpq/2025/9/135-vbhn-vpqh.pdf,Chương XIV,"Các tội xâm phạm tính mạng, sức khỏe, nhân phẩm, danh dự của con người",Trích tự động từ tiêu đề điều luật bắt đầu bằng “Tội ...”; cần rà soát khi cập nhật VBHN mới.
HS_D132,Hình sự,Tội danh,132,,Tội không cứu giúp người đang ở trong tình trạng nguy hiểm đến tính mạng,Điều 132 Bộ luật Hình sự (VBHN 135/VBHN-VPQH năm 2025),Bộ luật Hình sự - VBHN 135/VBHN-VPQH năm 2025,https://datafiles.chinhphu.vn/cpp/files/vbpq/2025/9/135-vbhn-vpqh.pdf,Chương XIV,"Các tội xâm phạm tính mạng, sức khỏe, nhân phẩm, danh dự của con người",Trích tự động từ tiêu đề điều luật bắt đầu bằng “Tội ...”; cần rà soát khi cập nhật VBHN mới.
HS_D133,Hình sự,Tội danh,133,,Tội đe dọa giết người,Điều 133 Bộ luật Hình sự (VBHN 135/VBHN-VPQH năm 2025),Bộ luật Hình sự - VBHN 135/VBHN-VPQH năm 2025,https://datafiles.chinhphu.vn/cpp/files/vbpq/2025/9/135-vbhn-vpqh.pdf,Chương XIV,"Các tội xâm phạm tính mạng, sức khỏe, nhân phẩm, danh dự của con người",Trích tự động từ tiêu đề điều luật bắt đầu bằng “Tội ...”; cần rà soát khi cập nhật VBHN mới.
HS_D134,Hình sự,Tội danh,134,,Tội cố ý gây thương tích hoặc gây tổn hại cho sức khỏe của người khác,Điều 134 Bộ luật Hình sự (VBHN 135/VBHN-VPQH năm 2025),Bộ luật Hình sự - VBHN 135/VBHN-VPQH năm 2025,https://datafiles.chinhphu.vn/cpp/files/vbpq/2025/9/135-vbhn-vpqh.pdf,Chương XIV,"Các tội xâm phạm tính mạng, sức khỏe, nhân phẩm, danh dự của con người",Trích tự động từ tiêu đề điều luật bắt đầu bằng “Tội ...”; cần rà soát khi cập nhật VBHN mới.
HS_D135,Hình sự,Tội danh,135,,Tội cố ý gây thương tích hoặc gây tổn hại cho sức khỏe của người khác trong trạng thái tinh thần bị kích động mạnh,Điều 135 Bộ luật Hình sự (VBHN 135/VBHN-VPQH năm 2025),Bộ luật Hình sự - VBHN 135/VBHN-VPQH năm 2025,https://datafiles.chinhphu.vn/cpp/files/vbpq/2025/9/135-vbhn-vpqh.pdf,Chương XIV,"Các tội xâm phạm tính mạng, sức khỏe, nhân phẩm, danh dự của con người",Trích tự động từ tiêu đề điều luật bắt đầu bằng “Tội ...”; cần rà soát khi cập nhật VBHN mới.
HS_D136,Hình sự,Tội danh,136,,Tội cố ý gây thương tích hoặc gây tổn hại cho sức khỏe của người khác do vượt quá giới hạn phòng vệ chính đáng hoặc do vượt quá mức cần thiết khi bắt giữ người phạm tội,Điều 136 Bộ luật Hình sự (VBHN 135/VBHN-VPQH năm 2025),Bộ luật Hình sự - VBHN 135/VBHN-VPQH năm 2025,https://datafiles.chinhphu.vn/cpp/files/vbpq/2025/9/135-vbhn-vpqh.pdf,Chương XIV,"Các tội xâm phạm tính mạng, sức khỏe, nhân phẩm, danh dự của con người",Trích tự động từ tiêu đề điều luật bắt đầu bằng “Tội ...”; cần rà soát khi cập nhật VBHN mới.
HS_D137,Hình sự,Tội danh,137,,Tội gây thương tích hoặc gây tổn hại cho sức khỏe của người khác trong khi thi hành công vụ,Điều 137 Bộ luật Hình sự (VBHN 135/VBHN-VPQH năm 2025),Bộ luật Hình sự - VBHN 135/VBHN-VPQH năm 2025,https://datafiles.chinhphu.vn/cpp/files/vbpq/2025/9/135-vbhn-vpqh.pdf,Chương XIV,"Các tội xâm phạm tính mạng, sức khỏe, nhân phẩm, danh dự của con người",Trích tự động từ tiêu đề điều luật bắt đầu bằng “Tội ...”; cần rà soát khi cập nhật VBHN mới.
HS_D138,Hình sự,Tội danh,138,,Tội vô ý gây thương tích hoặc gây tổn hại cho sức khỏe của người khác,Điều 138 Bộ luật Hình sự (VBHN 135/VBHN-VPQH năm 2025),Bộ luật Hình sự - VBHN 135/VBHN-VPQH năm 2025,https://datafiles.chinhphu.vn/cpp/files/vbpq/2025/9/135-vbhn-vpqh.pdf,Chương XIV,"Các tội xâm phạm tính mạng, sức khỏe, nhân phẩm, danh dự của con người",Trích tự động từ tiêu đề điều luật bắt đầu bằng “Tội ...”; cần rà soát khi cập nhật VBHN mới.
HS_D139,Hình sự,Tội danh,139,,Tội vô ý gây thương tích hoặc gây tổn hại cho sức khỏe của người khác do vi phạm quy tắc nghề nghiệp hoặc quy tắc hành chính,Điều 139 Bộ luật Hình sự (VBHN 135/VBHN-VPQH năm 2025),Bộ luật Hình sự - VBHN 135/VBHN-VPQH năm 2025,https://datafiles.chinhphu.vn/cpp/files/vbpq/2025/9/135-vbhn-vpqh.pdf,Chương XIV,"Các tội xâm phạm tính mạng, sức khỏe, nhân phẩm, danh dự của con người",Trích tự động từ tiêu đề điều luật bắt đầu bằng “Tội ...”; cần rà soát khi cập nhật VBHN mới.
HS_D140,Hình sự,Tội danh,140,,Tội hành hạ người khác,Điều 140 Bộ luật Hình sự (VBHN 135/VBHN-VPQH năm 2025),Bộ luật Hình sự - VBHN 135/VBHN-VPQH năm 2025,https://datafiles.chinhphu.vn/cpp/files/vbpq/2025/9/135-vbhn-vpqh.pdf,Chương XIV,"Các tội xâm phạm tính mạng, sức khỏe, nhân phẩm, danh dự của con người",Trích tự động từ tiêu đề điều luật bắt đầu bằng “Tội ...”; cần rà soát khi cập nhật VBHN mới.
HS_D141,Hình sự,Tội danh,141,,Tội hiếp dâm,Điều 141 Bộ luật Hình sự (VBHN 135/VBHN-VPQH năm 2025),Bộ luật Hình sự - VBHN 135/VBHN-VPQH năm 2025,https://datafiles.chinhphu.vn/cpp/files/vbpq/2025/9/135-vbhn-vpqh.pdf,Chương XIV,"Các tội xâm phạm tính mạng, sức khỏe, nhân phẩm, danh dự của con người",Trích tự động từ tiêu đề điều luật bắt đầu bằng “Tội ...”; cần rà soát khi cập nhật VBHN mới.
HS_D142,Hình sự,Tội danh,142,,Tội hiếp dâm người dưới 16 tuổi,Điều 142 Bộ luật Hình sự (VBHN 135/VBHN-VPQH năm 2025),Bộ luật Hình sự - VBHN 135/VBHN-VPQH năm 2025,https://datafiles.chinhphu.vn/cpp/files/vbpq/2025/9/135-vbhn-vpqh.pdf,Chương XIV,"Các tội xâm phạm tính mạng, sức khỏe, nhân phẩm, danh dự của con người",Trích tự động từ tiêu đề điều luật bắt đầu bằng “Tội ...”; cần rà soát khi cập nhật VBHN mới.
HS_D143,Hình sự,Tội danh,143,,Tội cưỡng dâm,Điều 143 Bộ luật Hình sự (VBHN 135/VBHN-VPQH năm 2025),Bộ luật Hình sự - VBHN 135/VBHN-VPQH năm 2025,https://datafiles.chinhphu.vn/cpp/files/vbpq/2025/9/135-vbhn-vpqh.pdf,Chương XIV,"Các tội xâm phạm tính mạng, sức khỏe, nhân phẩm, danh dự của con người",Trích tự động từ tiêu đề điều luật bắt đầu bằng “Tội ...”; cần rà soát khi cập nhật VBHN mới.
HS_D144,Hình sự,Tội danh,144,,Tội cưỡng dâm người từ đủ 13 tuổi đến dưới 16 tuổi,Điều 144 Bộ luật Hình sự (VBHN 135/VBHN-VPQH năm 2025),Bộ luật Hình sự - VBHN 135/VBHN-VPQH năm 2025,https://datafiles.chinhphu.vn/cpp/files/vbpq/2025/9/135-vbhn-vpqh.pdf,Chương XIV,"Các tội xâm phạm tính mạng, sức khỏe, nhân phẩm, danh dự của con người",Trích tự động từ tiêu đề điều luật bắt đầu bằng “Tội ...”; cần rà soát khi cập nhật VBHN mới.
HS_D145,Hình sự,Tội danh,145,,Tội giao cấu hoặc thực hiện hành vi quan hệ tình dục khác với người từ đủ 13 tuổi đến dưới 16 tuổi,Điều 145 Bộ luật Hình sự (VBHN 135/VBHN-VPQH năm 2025),Bộ luật Hình sự - VBHN 135/VBHN-VPQH năm 2025,https://datafiles.chinhphu.vn/cpp/files/vbpq/2025/9/135-vbhn-vpqh.pdf,Chương XIV,"Các tội xâm phạm tính mạng, sức khỏe, nhân phẩm, danh dự của con người",Trích tự động từ tiêu đề điều luật bắt đầu bằng “Tội ...”; cần rà soát khi cập nhật VBHN mới.
HS_D146,Hình sự,Tội danh,146,,Tội dâm ô đối với người dưới 16 tuổi,Điều 146 Bộ luật Hình sự (VBHN 135/VBHN-VPQH năm 2025),Bộ luật Hình sự - VBHN 135/VBHN-VPQH năm 2025,https://datafiles.chinhphu.vn/cpp/files/vbpq/2025/9/135-vbhn-vpqh.pdf,Chương XIV,"Các tội xâm phạm tính mạng, sức khỏe, nhân phẩm, danh dự của con người",Trích tự động từ tiêu đề điều luật bắt đầu bằng “Tội ...”; cần rà soát khi cập nhật VBHN mới.
HS_D147,Hình sự,Tội danh,147,,Tội sử dụng người dưới 16 tuổi vào mục đích khiêu dâm,Điều 147 Bộ luật Hình sự (VBHN 135/VBHN-VPQH năm 2025),Bộ luật Hình sự - VBHN 135/VBHN-VPQH năm 2025,https://datafiles.chinhphu.vn/cpp/files/vbpq/2025/9/135-vbhn-vpqh.pdf,Chương XIV,"Các tội xâm phạm tính mạng, sức khỏe, nhân phẩm, danh dự của con người",Trích tự động từ tiêu đề điều luật bắt đầu bằng “Tội ...”; cần rà soát khi cập nhật VBHN mới.
HS_D148,Hình sự,Tội danh,148,,Tội lây truyền HIV cho người khác,Điều 148 Bộ luật Hình sự (VBHN 135/VBHN-VPQH năm 2025),Bộ luật Hình sự - VBHN 135/VBHN-VPQH năm 2025,https://datafiles.chinhphu.vn/cpp/files/vbpq/2025/9/135-vbhn-vpqh.pdf,Chương XIV,"Các tội xâm phạm tính mạng, sức khỏe, nhân phẩm, danh dự của con người",Trích tự động từ tiêu đề điều luật bắt đầu bằng “Tội ...”; cần rà soát khi cập nhật VBHN mới.
HS_D149,Hình sự,Tội danh,149,,Tội cố ý truyền HIV cho người khác,Điều 149 Bộ luật Hình sự (VBHN 135/VBHN-VPQH năm 2025),Bộ luật Hình sự - VBHN 135/VBHN-VPQH năm 2025,https://datafiles.chinhphu.vn/cpp/files/vbpq/2025/9/135-vbhn-vpqh.pdf,Chương XIV,"Các tội xâm phạm tính mạng, sức khỏe, nhân phẩm, danh dự của con người",Trích tự động từ tiêu đề điều luật bắt đầu bằng “Tội ...”; cần rà soát khi cập nhật VBHN mới.
HS_D150,Hình sự,Tội danh,150,,Tội mua bán người,Điều 150 Bộ luật Hình sự (VBHN 135/VBHN-VPQH năm 2025),Bộ luật Hình sự - VBHN 135/VBHN-VPQH năm 2025,https://datafiles.chinhphu.vn/cpp/files/vbpq/2025/9/135-vbhn-vpqh.pdf,Chương XIV,"Các tội xâm phạm tính mạng, sức khỏe, nhân phẩm, danh dự của con người",Trích tự động từ tiêu đề điều luật bắt đầu bằng “Tội ...”; cần rà soát khi cập nhật VBHN mới.
HS_D151,Hình sự,Tội danh,151,,Tội mua bán người dưới 16 tuổi,Điều 151 Bộ luật Hình sự (VBHN 135/VBHN-VPQH năm 2025),Bộ luật Hình sự - VBHN 135/VBHN-VPQH năm 2025,https://datafiles.chinhphu.vn/cpp/files/vbpq/2025/9/135-vbhn-vpqh.pdf,Chương XIV,"Các tội xâm phạm tính mạng, sức khỏe, nhân phẩm, danh dự của con người",Trích tự động từ tiêu đề điều luật bắt đầu bằng “Tội ...”; cần rà soát khi cập nhật VBHN mới.
HS_D152,Hình sự,Tội danh,152,,Tội đánh tráo người dưới 01 tuổi,Điều 152 Bộ luật Hình sự (VBHN 135/VBHN-VPQH năm 2025),Bộ luật Hình sự - VBHN 135/VBHN-VPQH năm 2025,https://datafiles.chinhphu.vn/cpp/files/vbpq/2025/9/135-vbhn-vpqh.pdf,Chương XIV,"Các tội xâm phạm tính mạng, sức khỏe, nhân phẩm, danh dự của con người",Trích tự động từ tiêu đề điều luật bắt đầu bằng “Tội ...”; cần rà soát khi cập nhật VBHN mới.
HS_D153,Hình sự,Tội danh,153,,Tội chiếm đoạt người dưới 16 tuổi,Điều 153 Bộ luật Hình sự (VBHN 135/VBHN-VPQH năm 2025),Bộ luật Hình sự - VBHN 135/VBHN-VPQH năm 2025,https://datafiles.chinhphu.vn/cpp/files/vbpq/2025/9/135-vbhn-vpqh.pdf,Chương XIV,"Các tội xâm phạm tính mạng, sức khỏe, nhân phẩm, danh dự của con người",Trích tự động từ tiêu đề điều luật bắt đầu bằng “Tội ...”; cần rà soát khi cập nhật VBHN mới.
HS_D154,Hình sự,Tội danh,154,,"Tội mua bán, chiếm đoạt mô hoặc bộ phận cơ thể người",Điều 154 Bộ luật Hình sự (VBHN 135/VBHN-VPQH năm 2025),Bộ luật Hình sự - VBHN 135/VBHN-VPQH năm 2025,https://datafiles.chinhphu.vn/cpp/files/vbpq/2025/9/135-vbhn-vpqh.pdf,Chương XIV,"Các tội xâm phạm tính mạng, sức khỏe, nhân phẩm, danh dự của con người",Trích tự động từ tiêu đề điều luật bắt đầu bằng “Tội ...”; cần rà soát khi cập nhật VBHN mới.
HS_D155,Hình sự,Tội danh,155,,Tội làm nhục người khác,Điều 155 Bộ luật Hình sự (VBHN 135/VBHN-VPQH năm 2025),Bộ luật Hình sự - VBHN 135/VBHN-VPQH năm 2025,https://datafiles.chinhphu.vn/cpp/files/vbpq/2025/9/135-vbhn-vpqh.pdf,Chương XIV,"Các tội xâm phạm tính mạng, sức khỏe, nhân phẩm, danh dự của con người",Trích tự động từ tiêu đề điều luật bắt đầu bằng “Tội ...”; cần rà soát khi cập nhật VBHN mới.
HS_D156,Hình sự,Tội danh,156,,Tội vu khống,Điều 156 Bộ luật Hình sự (VBHN 135/VBHN-VPQH năm 2025),Bộ luật Hình sự - VBHN 135/VBHN-VPQH năm 2025,https://datafiles.chinhphu.vn/cpp/files/vbpq/2025/9/135-vbhn-vpqh.pdf,Chương XIV,"Các tội xâm phạm tính mạng, sức khỏe, nhân phẩm, danh dự của con người",Trích tự động từ tiêu đề điều luật bắt đầu bằng “Tội ...”; cần rà soát khi cập nhật VBHN mới.
HS_D157,Hình sự,Tội danh,157,,"Tội bắt, giữ hoặc giam người trái pháp luật",Điều 157 Bộ luật Hình sự (VBHN 135/VBHN-VPQH năm 2025),Bộ luật Hình sự - VBHN 135/VBHN-VPQH năm 2025,https://datafiles.chinhphu.vn/cpp/files/vbpq/2025/9/135-vbhn-vpqh.pdf,Chương XV,"Các tội xâm phạm quyền tự do của con người, quyền tự do, dân chủ của công dân",Trích tự động từ tiêu đề điều luật bắt đầu bằng “Tội ...”; cần rà soát khi cập nhật VBHN mới.
HS_D158,Hình sự,Tội danh,158,,Tội xâm phạm chỗ ở của người khác,Điều 158 Bộ luật Hình sự (VBHN 135/VBHN-VPQH năm 2025),Bộ luật Hình sự - VBHN 135/VBHN-VPQH năm 2025,https://datafiles.chinhphu.vn/cpp/files/vbpq/2025/9/135-vbhn-vpqh.pdf,Chương XV,"Các tội xâm phạm quyền tự do của con người, quyền tự do, dân chủ của công dân",Trích tự động từ tiêu đề điều luật bắt đầu bằng “Tội ...”; cần rà soát khi cập nhật VBHN mới.
HS_D159,Hình sự,Tội danh,159,,"Tội xâm phạm bí mật hoặc an toàn thư tín, điện thoại, điện tín hoặc hình thức trao đổi thông tin riêng tư khác của người khác",Điều 159 Bộ luật Hình sự (VBHN 135/VBHN-VPQH năm 2025),Bộ luật Hình sự - VBHN 135/VBHN-VPQH năm 2025,https://datafiles.chinhphu.vn/cpp/files/vbpq/2025/9/135-vbhn-vpqh.pdf,Chương XV,"Các tội xâm phạm quyền tự do của con người, quyền tự do, dân chủ của công dân",Trích tự động từ tiêu đề điều luật bắt đầu bằng “Tội ...”; cần rà soát khi cập nhật VBHN mới.
HS_D160,Hình sự,Tội danh,160,,"Tội xâm phạm quyền của công dân về bầu cử, ứng cử hoặc biểu quyết khi Nhà nước trưng cầu ý dân",Điều 160 Bộ luật Hình sự (VBHN 135/VBHN-VPQH năm 2025),Bộ luật Hình sự - VBHN 135/VBHN-VPQH năm 2025,https://datafiles.chinhphu.vn/cpp/files/vbpq/2025/9/135-vbhn-vpqh.pdf,Chương XV,"Các tội xâm phạm quyền tự do của con người, quyền tự do, dân chủ của công dân",Trích tự động từ tiêu đề điều luật bắt đầu bằng “Tội ...”; cần rà soát khi cập nhật VBHN mới.
HS_D161,Hình sự,Tội danh,161,,"Tội làm sai lệch kết quả bầu cử, kết quả trưng cầu ý dân",Điều 161 Bộ luật Hình sự (VBHN 135/VBHN-VPQH năm 2025),Bộ luật Hình sự - VBHN 135/VBHN-VPQH năm 2025,https://datafiles.chinhphu.vn/cpp/files/vbpq/2025/9/135-vbhn-vpqh.pdf,Chương XV,"Các tội xâm phạm quyền tự do của con người, quyền tự do, dân chủ của công dân",Trích tự động từ tiêu đề điều luật bắt đầu bằng “Tội ...”; cần rà soát khi cập nhật VBHN mới.
HS_D162,Hình sự,Tội danh,162,,"Tội buộc công chức, viên chức thôi việc hoặc sa thải người lao động trái pháp luật",Điều 162 Bộ luật Hình sự (VBHN 135/VBHN-VPQH năm 2025),Bộ luật Hình sự - VBHN 135/VBHN-VPQH năm 2025,https://datafiles.chinhphu.vn/cpp/files/vbpq/2025/9/135-vbhn-vpqh.pdf,Chương XV,"Các tội xâm phạm quyền tự do của con người, quyền tự do, dân chủ của công dân",Trích tự động từ tiêu đề điều luật bắt đầu bằng “Tội ...”; cần rà soát khi cập nhật VBHN mới.
HS_D163,Hình sự,Tội danh,163,,"Tội xâm phạm quyền hội họp, lập hội của công dân",Điều 163 Bộ luật Hình sự (VBHN 135/VBHN-VPQH năm 2025),Bộ luật Hình sự - VBHN 135/VBHN-VPQH năm 2025,https://datafiles.chinhphu.vn/cpp/files/vbpq/2025/9/135-vbhn-vpqh.pdf,Chương XV,"Các tội xâm phạm quyền tự do của con người, quyền tự do, dân chủ của công dân",Trích tự động từ tiêu đề điều luật bắt đầu bằng “Tội ...”; cần rà soát khi cập nhật VBHN mới.
HS_D164,Hình sự,Tội danh,164,,"Tội xâm phạm quyền tự do tín ngưỡng, tôn giáo của người khác",Điều 164 Bộ luật Hình sự (VBHN 135/VBHN-VPQH năm 2025),Bộ luật Hình sự - VBHN 135/VBHN-VPQH năm 2025,https://datafiles.chinhphu.vn/cpp/files/vbpq/2025/9/135-vbhn-vpqh.pdf,Chương XV,"Các tội xâm phạm quyền tự do của con người, quyền tự do, dân chủ của công dân",Trích tự động từ tiêu đề điều luật bắt đầu bằng “Tội ...”; cần rà soát khi cập nhật VBHN mới.
HS_D165,Hình sự,Tội danh,165,,Tội xâm phạm quyền bình đẳng giới,Điều 165 Bộ luật Hình sự (VBHN 135/VBHN-VPQH năm 2025),Bộ luật Hình sự - VBHN 135/VBHN-VPQH năm 2025,https://datafiles.chinhphu.vn/cpp/files/vbpq/2025/9/135-vbhn-vpqh.pdf,Chương XV,"Các tội xâm phạm quyền tự do của con người, quyền tự do, dân chủ của công dân",Trích tự động từ tiêu đề điều luật bắt đầu bằng “Tội ...”; cần rà soát khi cập nhật VBHN mới.
HS_D166,Hình sự,Tội danh,166,,"Tội xâm phạm quyền khiếu nại, tố cáo",Điều 166 Bộ luật Hình sự (VBHN 135/VBHN-VPQH năm 2025),Bộ luật Hình sự - VBHN 135/VBHN-VPQH năm 2025,https://datafiles.chinhphu.vn/cpp/files/vbpq/2025/9/135-vbhn-vpqh.pdf,Chương XV,"Các tội xâm phạm quyền tự do của con người, quyền tự do, dân chủ của công dân",Trích tự động từ tiêu đề điều luật bắt đầu bằng “Tội ...”; cần rà soát khi cập nhật VBHN mới.
HS_D167,Hình sự,Tội danh,167,,"Tội xâm phạm quyền tự do ngôn luận, tự do báo chí, tiếp cận thông tin, quyền biểu tình của công dân",Điều 167 Bộ luật Hình sự (VBHN 135/VBHN-VPQH năm 2025),Bộ luật Hình sự - VBHN 135/VBHN-VPQH năm 2025,https://datafiles.chinhphu.vn/cpp/files/vbpq/2025/9/135-vbhn-vpqh.pdf,Chương XV,"Các tội xâm phạm quyền tự do của con người, quyền tự do, dân chủ của công dân",Trích tự động từ tiêu đề điều luật bắt đầu bằng “Tội ...”; cần rà soát khi cập nhật VBHN mới.
HS_D168,Hình sự,Tội danh,168,,Tội cướp tài sản,Điều 168 Bộ luật Hình sự (VBHN 135/VBHN-VPQH năm 2025),Bộ luật Hình sự - VBHN 135/VBHN-VPQH năm 2025,https://datafiles.chinhphu.vn/cpp/files/vbpq/2025/9/135-vbhn-vpqh.pdf,Chương XVI,Các tội xâm phạm sở hữu,Trích tự động từ tiêu đề điều luật bắt đầu bằng “Tội ...”; cần rà soát khi cập nhật VBHN mới.
HS_D169,Hình sự,Tội danh,169,,Tội bắt cóc nhằm chiếm đoạt tài sản,Điều 169 Bộ luật Hình sự (VBHN 135/VBHN-VPQH năm 2025),Bộ luật Hình sự - VBHN 135/VBHN-VPQH năm 2025,https://datafiles.chinhphu.vn/cpp/files/vbpq/2025/9/135-vbhn-vpqh.pdf,Chương XVI,Các tội xâm phạm sở hữu,Trích tự động từ tiêu đề điều luật bắt đầu bằng “Tội ...”; cần rà soát khi cập nhật VBHN mới.
HS_D170,Hình sự,Tội danh,170,,Tội cưỡng đoạt tài sản,Điều 170 Bộ luật Hình sự (VBHN 135/VBHN-VPQH năm 2025),Bộ luật Hình sự - VBHN 135/VBHN-VPQH năm 2025,https://datafiles.chinhphu.vn/cpp/files/vbpq/2025/9/135-vbhn-vpqh.pdf,Chương XVI,Các tội xâm phạm sở hữu,Trích tự động từ tiêu đề điều luật bắt đầu bằng “Tội ...”; cần rà soát khi cập nhật VBHN mới.
HS_D171,Hình sự,Tội danh,171,,Tội cướp giật tài sản,Điều 171 Bộ luật Hình sự (VBHN 135/VBHN-VPQH năm 2025),Bộ luật Hình sự - VBHN 135/VBHN-VPQH năm 2025,https://datafiles.chinhphu.vn/cpp/files/vbpq/2025/9/135-vbhn-vpqh.pdf,Chương XVI,Các tội xâm phạm sở hữu,Trích tự động từ tiêu đề điều luật bắt đầu bằng “Tội ...”; cần rà soát khi cập nhật VBHN mới.
HS_D172,Hình sự,Tội danh,172,,Tội công nhiên chiếm đoạt tài sản,Điều 172 Bộ luật Hình sự (VBHN 135/VBHN-VPQH năm 2025),Bộ luật Hình sự - VBHN 135/VBHN-VPQH năm 2025,https://datafiles.chinhphu.vn/cpp/files/vbpq/2025/9/135-vbhn-vpqh.pdf,Chương XVI,Các tội xâm phạm sở hữu,Trích tự động từ tiêu đề điều luật bắt đầu bằng “Tội ...”; cần rà soát khi cập nhật VBHN mới.
HS_D173,Hình sự,Tội danh,173,,Tội trộm cắp tài sản,Điều 173 Bộ luật Hình sự (VBHN 135/VBHN-VPQH năm 2025),Bộ luật Hình sự - VBHN 135/VBHN-VPQH năm 2025,https://datafiles.chinhphu.vn/cpp/files/vbpq/2025/9/135-vbhn-vpqh.pdf,Chương XVI,Các tội xâm phạm sở hữu,Trích tự động từ tiêu đề điều luật bắt đầu bằng “Tội ...”; cần rà soát khi cập nhật VBHN mới.
HS_D174,Hình sự,Tội danh,174,,Tội lừa đảo chiếm đoạt tài sản,Điều 174 Bộ luật Hình sự (VBHN 135/VBHN-VPQH năm 2025),Bộ luật Hình sự - VBHN 135/VBHN-VPQH năm 2025,https://datafiles.chinhphu.vn/cpp/files/vbpq/2025/9/135-vbhn-vpqh.pdf,Chương XVI,Các tội xâm phạm sở hữu,Trích tự động từ tiêu đề điều luật bắt đầu bằng “Tội ...”; cần rà soát khi cập nhật VBHN mới.
HS_D175,Hình sự,Tội danh,175,,Tội lạm dụng tín nhiệm chiếm đoạt tài sản,Điều 175 Bộ luật Hình sự (VBHN 135/VBHN-VPQH năm 2025),Bộ luật Hình sự - VBHN 135/VBHN-VPQH năm 2025,https://datafiles.chinhphu.vn/cpp/files/vbpq/2025/9/135-vbhn-vpqh.pdf,Chương XVI,Các tội xâm phạm sở hữu,Trích tự động từ tiêu đề điều luật bắt đầu bằng “Tội ...”; cần rà soát khi cập nhật VBHN mới.
HS_D176,Hình sự,Tội danh,176,,Tội chiếm giữ trái phép tài sản,Điều 176 Bộ luật Hình sự (VBHN 135/VBHN-VPQH năm 2025),Bộ luật Hình sự - VBHN 135/VBHN-VPQH năm 2025,https://datafiles.chinhphu.vn/cpp/files/vbpq/2025/9/135-vbhn-vpqh.pdf,Chương XVI,Các tội xâm phạm sở hữu,Trích tự động từ tiêu đề điều luật bắt đầu bằng “Tội ...”; cần rà soát khi cập nhật VBHN mới.
HS_D177,Hình sự,Tội danh,177,,Tội sử dụng trái phép tài sản,Điều 177 Bộ luật Hình sự (VBHN 135/VBHN-VPQH năm 2025),Bộ luật Hình sự - VBHN 135/VBHN-VPQH năm 2025,https://datafiles.chinhphu.vn/cpp/files/vbpq/2025/9/135-vbhn-vpqh.pdf,Chương XVI,Các tội xâm phạm sở hữu,Trích tự động từ tiêu đề điều luật bắt đầu bằng “Tội ...”; cần rà soát khi cập nhật VBHN mới.
HS_D178,Hình sự,Tội danh,178,,Tội hủy hoại hoặc cố ý làm hư hỏng tài sản,Điều 178 Bộ luật Hình sự (VBHN 135/VBHN-VPQH năm 2025),Bộ luật Hình sự - VBHN 135/VBHN-VPQH năm 2025,https://datafiles.chinhphu.vn/cpp/files/vbpq/2025/9/135-vbhn-vpqh.pdf,Chương XVI,Các tội xâm phạm sở hữu,Trích tự động từ tiêu đề điều luật bắt đầu bằng “Tội ...”; cần rà soát khi cập nhật VBHN mới.
HS_D179,Hình sự,Tội danh,179,,"Tội thiếu trách nhiệm gây thiệt hại đến tài sản của Nhà nước, cơ quan, tổ chức, doanh nghiệp",Điều 179 Bộ luật Hình sự (VBHN 135/VBHN-VPQH năm 2025),Bộ luật Hình sự - VBHN 135/VBHN-VPQH năm 2025,https://datafiles.chinhphu.vn/cpp/files/vbpq/2025/9/135-vbhn-vpqh.pdf,Chương XVI,Các tội xâm phạm sở hữu,Trích tự động từ tiêu đề điều luật bắt đầu bằng “Tội ...”; cần rà soát khi cập nhật VBHN mới.
HS_D180,Hình sự,Tội danh,180,,Tội vô ý gây thiệt hại nghiêm trọng đến tài sản,Điều 180 Bộ luật Hình sự (VBHN 135/VBHN-VPQH năm 2025),Bộ luật Hình sự - VBHN 135/VBHN-VPQH năm 2025,https://datafiles.chinhphu.vn/cpp/files/vbpq/2025/9/135-vbhn-vpqh.pdf,Chương XVI,Các tội xâm phạm sở hữu,Trích tự động từ tiêu đề điều luật bắt đầu bằng “Tội ...”; cần rà soát khi cập nhật VBHN mới.
HS_D181,Hình sự,Tội danh,181,,"Tội cưỡng ép kết hôn, ly hôn hoặc cản trở hôn nhân tự nguyện, tiến bộ, cản trở ly hôn tự nguyện",Điều 181 Bộ luật Hình sự (VBHN 135/VBHN-VPQH năm 2025),Bộ luật Hình sự - VBHN 135/VBHN-VPQH năm 2025,https://datafiles.chinhphu.vn/cpp/files/vbpq/2025/9/135-vbhn-vpqh.pdf,Chương XVII,Các tội xâm phạm chế độ hôn nhân và gia đình,Trích tự động từ tiêu đề điều luật bắt đầu bằng “Tội ...”; cần rà soát khi cập nhật VBHN mới.
HS_D182,Hình sự,Tội danh,182,,"Tội vi phạm chế độ một vợ, một chồng",Điều 182 Bộ luật Hình sự (VBHN 135/VBHN-VPQH năm 2025),Bộ luật Hình sự - VBHN 135/VBHN-VPQH năm 2025,https://datafiles.chinhphu.vn/cpp/files/vbpq/2025/9/135-vbhn-vpqh.pdf,Chương XVII,Các tội xâm phạm chế độ hôn nhân và gia đình,Trích tự động từ tiêu đề điều luật bắt đầu bằng “Tội ...”; cần rà soát khi cập nhật VBHN mới.
HS_D183,Hình sự,Tội danh,183,,Tội tổ chức tảo hôn,Điều 183 Bộ luật Hình sự (VBHN 135/VBHN-VPQH năm 2025),Bộ luật Hình sự - VBHN 135/VBHN-VPQH năm 2025,https://datafiles.chinhphu.vn/cpp/files/vbpq/2025/9/135-vbhn-vpqh.pdf,Chương XVII,Các tội xâm phạm chế độ hôn nhân và gia đình,Trích tự động từ tiêu đề điều luật bắt đầu bằng “Tội ...”; cần rà soát khi cập nhật VBHN mới.
HS_D184,Hình sự,Tội danh,184,,Tội loạn luân,Điều 184 Bộ luật Hình sự (VBHN 135/VBHN-VPQH năm 2025),Bộ luật Hình sự - VBHN 135/VBHN-VPQH năm 2025,https://datafiles.chinhphu.vn/cpp/files/vbpq/2025/9/135-vbhn-vpqh.pdf,Chương XVII,Các tội xâm phạm chế độ hôn nhân và gia đình,Trích tự động từ tiêu đề điều luật bắt đầu bằng “Tội ...”; cần rà soát khi cập nhật VBHN mới.
HS_D185,Hình sự,Tội danh,185,,"Tội ngược đãi hoặc hành hạ ông bà, cha mẹ, vợ chồng, con, cháu hoặc người có công nuôi dưỡng mình",Điều 185 Bộ luật Hình sự (VBHN 135/VBHN-VPQH năm 2025),Bộ luật Hình sự - VBHN 135/VBHN-VPQH năm 2025,https://datafiles.chinhphu.vn/cpp/files/vbpq/2025/9/135-vbhn-vpqh.pdf,Chương XVII,Các tội xâm phạm chế độ hôn nhân và gia đình,Trích tự động từ tiêu đề điều luật bắt đầu bằng “Tội ...”; cần rà soát khi cập nhật VBHN mới.
HS_D186,Hình sự,Tội danh,186,,Tội từ chối hoặc trốn tránh nghĩa vụ cấp dưỡng,Điều 186 Bộ luật Hình sự (VBHN 135/VBHN-VPQH năm 2025),Bộ luật Hình sự - VBHN 135/VBHN-VPQH năm 2025,https://datafiles.chinhphu.vn/cpp/files/vbpq/2025/9/135-vbhn-vpqh.pdf,Chương XVII,Các tội xâm phạm chế độ hôn nhân và gia đình,Trích tự động từ tiêu đề điều luật bắt đầu bằng “Tội ...”; cần rà soát khi cập nhật VBHN mới.
HS_D187,Hình sự,Tội danh,187,,Tội tổ chức mang thai hộ vì mục đích thương mại,Điều 187 Bộ luật Hình sự (VBHN 135/VBHN-VPQH năm 2025),Bộ luật Hình sự - VBHN 135/VBHN-VPQH năm 2025,https://datafiles.chinhphu.vn/cpp/files/vbpq/2025/9/135-vbhn-vpqh.pdf,Chương XVII,Các tội xâm phạm chế độ hôn nhân và gia đình,Trích tự động từ tiêu đề điều luật bắt đầu bằng “Tội ...”; cần rà soát khi cập nhật VBHN mới.
HS_D188,Hình sự,Tội danh,188,,Tội buôn lậu,Điều 188 Bộ luật Hình sự (VBHN 135/VBHN-VPQH năm 2025),Bộ luật Hình sự - VBHN 135/VBHN-VPQH năm 2025,https://datafiles.chinhphu.vn/cpp/files/vbpq/2025/9/135-vbhn-vpqh.pdf,Chương XVIII,Các tội xâm phạm trật tự quản lý kinh tế,Trích tự động từ tiêu đề điều luật bắt đầu bằng “Tội ...”; cần rà soát khi cập nhật VBHN mới.
HS_D189,Hình sự,Tội danh,189,,"Tội vận chuyển trái phép hàng hóa, tiền tệ qua biên giới",Điều 189 Bộ luật Hình sự (VBHN 135/VBHN-VPQH năm 2025),Bộ luật Hình sự - VBHN 135/VBHN-VPQH năm 2025,https://datafiles.chinhphu.vn/cpp/files/vbpq/2025/9/135-vbhn-vpqh.pdf,Chương XVIII,Các tội xâm phạm trật tự quản lý kinh tế,Trích tự động từ tiêu đề điều luật bắt đầu bằng “Tội ...”; cần rà soát khi cập nhật VBHN mới.
HS_D190,Hình sự,Tội danh,190,,"Tội sản xuất, buôn bán hàng cấm",Điều 190 Bộ luật Hình sự (VBHN 135/VBHN-VPQH năm 2025),Bộ luật Hình sự - VBHN 135/VBHN-VPQH năm 2025,https://datafiles.chinhphu.vn/cpp/files/vbpq/2025/9/135-vbhn-vpqh.pdf,Chương XVIII,Các tội xâm phạm trật tự quản lý kinh tế,Trích tự động từ tiêu đề điều luật bắt đầu bằng “Tội ...”; cần rà soát khi cập nhật VBHN mới.
HS_D191,Hình sự,Tội danh,191,,"Tội tàng trữ, vận chuyển hàng cấm",Điều 191 Bộ luật Hình sự (VBHN 135/VBHN-VPQH năm 2025),Bộ luật Hình sự - VBHN 135/VBHN-VPQH năm 2025,https://datafiles.chinhphu.vn/cpp/files/vbpq/2025/9/135-vbhn-vpqh.pdf,Chương XVIII,Các tội xâm phạm trật tự quản lý kinh tế,Trích tự động từ tiêu đề điều luật bắt đầu bằng “Tội ...”; cần rà soát khi cập nhật VBHN mới.
HS_D192,Hình sự,Tội danh,192,,"Tội sản xuất, buôn bán hàng giả",Điều 192 Bộ luật Hình sự (VBHN 135/VBHN-VPQH năm 2025),Bộ luật Hình sự - VBHN 135/VBHN-VPQH năm 2025,https://datafiles.chinhphu.vn/cpp/files/vbpq/2025/9/135-vbhn-vpqh.pdf,Chương XVIII,Các tội xâm phạm trật tự quản lý kinh tế,Trích tự động từ tiêu đề điều luật bắt đầu bằng “Tội ...”; cần rà soát khi cập nhật VBHN mới.
HS_D193,Hình sự,Tội danh,193,,"Tội sản xuất, buôn bán hàng giả là lương thực, thực phẩm, phụ gia thực phẩm",Điều 193 Bộ luật Hình sự (VBHN 135/VBHN-VPQH năm 2025),Bộ luật Hình sự - VBHN 135/VBHN-VPQH năm 2025,https://datafiles.chinhphu.vn/cpp/files/vbpq/2025/9/135-vbhn-vpqh.pdf,Chương XVIII,Các tội xâm phạm trật tự quản lý kinh tế,Trích tự động từ tiêu đề điều luật bắt đầu bằng “Tội ...”; cần rà soát khi cập nhật VBHN mới.
HS_D194,Hình sự,Tội danh,194,,"Tội sản xuất, buôn bán hàng giả là thuốc chữa bệnh, thuốc phòng bệnh",Điều 194 Bộ luật Hình sự (VBHN 135/VBHN-VPQH năm 2025),Bộ luật Hình sự - VBHN 135/VBHN-VPQH năm 2025,https://datafiles.chinhphu.vn/cpp/files/vbpq/2025/9/135-vbhn-vpqh.pdf,Chương XVIII,Các tội xâm phạm trật tự quản lý kinh tế,Trích tự động từ tiêu đề điều luật bắt đầu bằng “Tội ...”; cần rà soát khi cập nhật VBHN mới.
HS_D195,Hình sự,Tội danh,195,,"Tội sản xuất, buôn bán hàng giả là thức ăn dùng để chăn nuôi, phân bón, thuốc thú y, thuốc bảo vệ thực vật, giống cây trồng, giống vật nuôi",Điều 195 Bộ luật Hình sự (VBHN 135/VBHN-VPQH năm 2025),Bộ luật Hình sự - VBHN 135/VBHN-VPQH năm 2025,https://datafiles.chinhphu.vn/cpp/files/vbpq/2025/9/135-vbhn-vpqh.pdf,Chương XVIII,Các tội xâm phạm trật tự quản lý kinh tế,Trích tự động từ tiêu đề điều luật bắt đầu bằng “Tội ...”; cần rà soát khi cập nhật VBHN mới.
HS_D196,Hình sự,Tội danh,196,,Tội đầu cơ,Điều 196 Bộ luật Hình sự (VBHN 135/VBHN-VPQH năm 2025),Bộ luật Hình sự - VBHN 135/VBHN-VPQH năm 2025,https://datafiles.chinhphu.vn/cpp/files/vbpq/2025/9/135-vbhn-vpqh.pdf,Chương XVIII,Các tội xâm phạm trật tự quản lý kinh tế,Trích tự động từ tiêu đề điều luật bắt đầu bằng “Tội ...”; cần rà soát khi cập nhật VBHN mới.
HS_D197,Hình sự,Tội danh,197,,Tội quảng cáo gian dối,Điều 197 Bộ luật Hình sự (VBHN 135/VBHN-VPQH năm 2025),Bộ luật Hình sự - VBHN 135/VBHN-VPQH năm 2025,https://datafiles.chinhphu.vn/cpp/files/vbpq/2025/9/135-vbhn-vpqh.pdf,Chương XVIII,Các tội xâm phạm trật tự quản lý kinh tế,Trích tự động từ tiêu đề điều luật bắt đầu bằng “Tội ...”; cần rà soát khi cập nhật VBHN mới.
HS_D198,Hình sự,Tội danh,198,,Tội lừa dối khách hàng,Điều 198 Bộ luật Hình sự (VBHN 135/VBHN-VPQH năm 2025),Bộ luật Hình sự - VBHN 135/VBHN-VPQH năm 2025,https://datafiles.chinhphu.vn/cpp/files/vbpq/2025/9/135-vbhn-vpqh.pdf,Chương XVIII,Các tội xâm phạm trật tự quản lý kinh tế,Trích tự động từ tiêu đề điều luật bắt đầu bằng “Tội ...”; cần rà soát khi cập nhật VBHN mới.
HS_D199,Hình sự,Tội danh,199,,Tội vi phạm quy định về cung ứng điện,Điều 199 Bộ luật Hình sự (VBHN 135/VBHN-VPQH năm 2025),Bộ luật Hình sự - VBHN 135/VBHN-VPQH năm 2025,https://datafiles.chinhphu.vn/cpp/files/vbpq/2025/9/135-vbhn-vpqh.pdf,Chương XVIII,Các tội xâm phạm trật tự quản lý kinh tế,Trích tự động từ tiêu đề điều luật bắt đầu bằng “Tội ...”; cần rà soát khi cập nhật VBHN mới.
HS_D200,Hình sự,Tội danh,200,,Tội trốn thuế,Điều 200 Bộ luật Hình sự (VBHN 135/VBHN-VPQH năm 2025),Bộ luật Hình sự - VBHN 135/VBHN-VPQH năm 2025,https://datafiles.chinhphu.vn/cpp/files/vbpq/2025/9/135-vbhn-vpqh.pdf,Chương XVIII,Các tội xâm phạm trật tự quản lý kinh tế,Trích tự động từ tiêu đề điều luật bắt đầu bằng “Tội ...”; cần rà soát khi cập nhật VBHN mới.
HS_D201,Hình sự,Tội danh,201,,Tội cho vay lãi nặng trong giao dịch dân sự,Điều 201 Bộ luật Hình sự (VBHN 135/VBHN-VPQH năm 2025),Bộ luật Hình sự - VBHN 135/VBHN-VPQH năm 2025,https://datafiles.chinhphu.vn/cpp/files/vbpq/2025/9/135-vbhn-vpqh.pdf,Chương XVIII,Các tội xâm phạm trật tự quản lý kinh tế,Trích tự động từ tiêu đề điều luật bắt đầu bằng “Tội ...”; cần rà soát khi cập nhật VBHN mới.
HS_D202,Hình sự,Tội danh,202,,"Tội làm, buôn bán tem giả, vé giả",Điều 202 Bộ luật Hình sự (VBHN 135/VBHN-VPQH năm 2025),Bộ luật Hình sự - VBHN 135/VBHN-VPQH năm 2025,https://datafiles.chinhphu.vn/cpp/files/vbpq/2025/9/135-vbhn-vpqh.pdf,Chương XVIII,Các tội xâm phạm trật tự quản lý kinh tế,Trích tự động từ tiêu đề điều luật bắt đầu bằng “Tội ...”; cần rà soát khi cập nhật VBHN mới.
HS_D203,Hình sự,Tội danh,203,,"Tội in, phát hành, mua bán trái phép hóa đơn, chứng từ thu nộp ngân sách nhà nước",Điều 203 Bộ luật Hình sự (VBHN 135/VBHN-VPQH năm 2025),Bộ luật Hình sự - VBHN 135/VBHN-VPQH năm 2025,https://datafiles.chinhphu.vn/cpp/files/vbpq/2025/9/135-vbhn-vpqh.pdf,Chương XVIII,Các tội xâm phạm trật tự quản lý kinh tế,Trích tự động từ tiêu đề điều luật bắt đầu bằng “Tội ...”; cần rà soát khi cập nhật VBHN mới.
HS_D204,Hình sự,Tội danh,204,,"Tội vi phạm quy định về bảo quản, quản lý hóa đơn, chứng từ thu nộp ngân sách nhà nước",Điều 204 Bộ luật Hình sự (VBHN 135/VBHN-VPQH năm 2025),Bộ luật Hình sự - VBHN 135/VBHN-VPQH năm 2025,https://datafiles.chinhphu.vn/cpp/files/vbpq/2025/9/135-vbhn-vpqh.pdf,Chương XVIII,Các tội xâm phạm trật tự quản lý kinh tế,Trích tự động từ tiêu đề điều luật bắt đầu bằng “Tội ...”; cần rà soát khi cập nhật VBHN mới.
HS_D205,Hình sự,Tội danh,205,,Tội lập quỹ trái phép,Điều 205 Bộ luật Hình sự (VBHN 135/VBHN-VPQH năm 2025),Bộ luật Hình sự - VBHN 135/VBHN-VPQH năm 2025,https://datafiles.chinhphu.vn/cpp/files/vbpq/2025/9/135-vbhn-vpqh.pdf,Chương XVIII,Các tội xâm phạm trật tự quản lý kinh tế,Trích tự động từ tiêu đề điều luật bắt đầu bằng “Tội ...”; cần rà soát khi cập nhật VBHN mới.
HS_D206,Hình sự,Tội danh,206,,"Tội vi phạm quy định về hoạt động ngân hàng, hoạt động khác liên quan đến hoạt động ngân hàng",Điều 206 Bộ luật Hình sự (VBHN 135/VBHN-VPQH năm 2025),Bộ luật Hình sự - VBHN 135/VBHN-VPQH năm 2025,https://datafiles.chinhphu.vn/cpp/files/vbpq/2025/9/135-vbhn-vpqh.pdf,Chương XVIII,Các tội xâm phạm trật tự quản lý kinh tế,Trích tự động từ tiêu đề điều luật bắt đầu bằng “Tội ...”; cần rà soát khi cập nhật VBHN mới.
HS_D207,Hình sự,Tội danh,207,,"Tội làm, tàng trữ, vận chuyển, lưu hành tiền giả",Điều 207 Bộ luật Hình sự (VBHN 135/VBHN-VPQH năm 2025),Bộ luật Hình sự - VBHN 135/VBHN-VPQH năm 2025,https://datafiles.chinhphu.vn/cpp/files/vbpq/2025/9/135-vbhn-vpqh.pdf,Chương XVIII,Các tội xâm phạm trật tự quản lý kinh tế,Trích tự động từ tiêu đề điều luật bắt đầu bằng “Tội ...”; cần rà soát khi cập nhật VBHN mới.
HS_D208,Hình sự,Tội danh,208,,"Tội làm, tàng trữ, vận chuyển, lưu hành công cụ chuyển nhượng giả hoặc các giấy tờ có giá giả khác",Điều 208 Bộ luật Hình sự (VBHN 135/VBHN-VPQH năm 2025),Bộ luật Hình sự - VBHN 135/VBHN-VPQH năm 2025,https://datafiles.chinhphu.vn/cpp/files/vbpq/2025/9/135-vbhn-vpqh.pdf,Chương XVIII,Các tội xâm phạm trật tự quản lý kinh tế,Trích tự động từ tiêu đề điều luật bắt đầu bằng “Tội ...”; cần rà soát khi cập nhật VBHN mới.
HS_D209,Hình sự,Tội danh,209,,Tội cố ý công bố thông tin sai lệch hoặc che giấu thông tin trong hoạt động chứng khoán,Điều 209 Bộ luật Hình sự (VBHN 135/VBHN-VPQH năm 2025),Bộ luật Hình sự - VBHN 135/VBHN-VPQH năm 2025,https://datafiles.chinhphu.vn/cpp/files/vbpq/2025/9/135-vbhn-vpqh.pdf,Chương XVIII,Các tội xâm phạm trật tự quản lý kinh tế,Trích tự động từ tiêu đề điều luật bắt đầu bằng “Tội ...”; cần rà soát khi cập nhật VBHN mới.
HS_D210,Hình sự,Tội danh,210,,Tội sử dụng thông tin nội bộ để mua bán chứng khoán,Điều 210 Bộ luật Hình sự (VBHN 135/VBHN-VPQH năm 2025),Bộ luật Hình sự - VBHN 135/VBHN-VPQH năm 2025,https://datafiles.chinhphu.vn/cpp/files/vbpq/2025/9/135-vbhn-vpqh.pdf,Chương XVIII,Các tội xâm phạm trật tự quản lý kinh tế,Trích tự động từ tiêu đề điều luật bắt đầu bằng “Tội ...”; cần rà soát khi cập nhật VBHN mới.
HS_D211,Hình sự,Tội danh,211,,Tội thao túng thị trường chứng khoán,Điều 211 Bộ luật Hình sự (VBHN 135/VBHN-VPQH năm 2025),Bộ luật Hình sự - VBHN 135/VBHN-VPQH năm 2025,https://datafiles.chinhphu.vn/cpp/files/vbpq/2025/9/135-vbhn-vpqh.pdf,Chương XVIII,Các tội xâm phạm trật tự quản lý kinh tế,Trích tự động từ tiêu đề điều luật bắt đầu bằng “Tội ...”; cần rà soát khi cập nhật VBHN mới.
HS_D212,Hình sự,Tội danh,212,,"Tội làm giả tài liệu trong hồ sơ chào bán, niêm yết chứng khoán",Điều 212 Bộ luật Hình sự (VBHN 135/VBHN-VPQH năm 2025),Bộ luật Hình sự - VBHN 135/VBHN-VPQH năm 2025,https://datafiles.chinhphu.vn/cpp/files/vbpq/2025/9/135-vbhn-vpqh.pdf,Chương XVIII,Các tội xâm phạm trật tự quản lý kinh tế,Trích tự động từ tiêu đề điều luật bắt đầu bằng “Tội ...”; cần rà soát khi cập nhật VBHN mới.
HS_D213,Hình sự,Tội danh,213,,Tội gian lận trong kinh doanh bảo hiểm,Điều 213 Bộ luật Hình sự (VBHN 135/VBHN-VPQH năm 2025),Bộ luật Hình sự - VBHN 135/VBHN-VPQH năm 2025,https://datafiles.chinhphu.vn/cpp/files/vbpq/2025/9/135-vbhn-vpqh.pdf,Chương XVIII,Các tội xâm phạm trật tự quản lý kinh tế,Trích tự động từ tiêu đề điều luật bắt đầu bằng “Tội ...”; cần rà soát khi cập nhật VBHN mới.
HS_D214,Hình sự,Tội danh,214,,"Tội gian lận bảo hiểm xã hội, bảo hiểm thất nghiệp",Điều 214 Bộ luật Hình sự (VBHN 135/VBHN-VPQH năm 2025),Bộ luật Hình sự - VBHN 135/VBHN-VPQH năm 2025,https://datafiles.chinhphu.vn/cpp/files/vbpq/2025/9/135-vbhn-vpqh.pdf,Chương XVIII,Các tội xâm phạm trật tự quản lý kinh tế,Trích tự động từ tiêu đề điều luật bắt đầu bằng “Tội ...”; cần rà soát khi cập nhật VBHN mới.
HS_D215,Hình sự,Tội danh,215,,Tội gian lận bảo hiểm y tế,Điều 215 Bộ luật Hình sự (VBHN 135/VBHN-VPQH năm 2025),Bộ luật Hình sự - VBHN 135/VBHN-VPQH năm 2025,https://datafiles.chinhphu.vn/cpp/files/vbpq/2025/9/135-vbhn-vpqh.pdf,Chương XVIII,Các tội xâm phạm trật tự quản lý kinh tế,Trích tự động từ tiêu đề điều luật bắt đầu bằng “Tội ...”; cần rà soát khi cập nhật VBHN mới.
HS_D216,Hình sự,Tội danh,216,,"Tội trốn đóng bảo hiểm xã hội, bảo hiểm y tế, bảo hiểm thất nghiệp cho người lao động",Điều 216 Bộ luật Hình sự (VBHN 135/VBHN-VPQH năm 2025),Bộ luật Hình sự - VBHN 135/VBHN-VPQH năm 2025,https://datafiles.chinhphu.vn/cpp/files/vbpq/2025/9/135-vbhn-vpqh.pdf,Chương XVIII,Các tội xâm phạm trật tự quản lý kinh tế,Trích tự động từ tiêu đề điều luật bắt đầu bằng “Tội ...”; cần rà soát khi cập nhật VBHN mới.
HS_D217,Hình sự,Tội danh,217,,Tội vi phạm quy định về cạnh tranh,Điều 217 Bộ luật Hình sự (VBHN 135/VBHN-VPQH năm 2025),Bộ luật Hình sự - VBHN 135/VBHN-VPQH năm 2025,https://datafiles.chinhphu.vn/cpp/files/vbpq/2025/9/135-vbhn-vpqh.pdf,Chương XVIII,Các tội xâm phạm trật tự quản lý kinh tế,Trích tự động từ tiêu đề điều luật bắt đầu bằng “Tội ...”; cần rà soát khi cập nhật VBHN mới.
HS_D218,Hình sự,Tội danh,218,,Tội vi phạm quy định về hoạt động bán đấu giá tài sản,Điều 218 Bộ luật Hình sự (VBHN 135/VBHN-VPQH năm 2025),Bộ luật Hình sự - VBHN 135/VBHN-VPQH năm 2025,https://datafiles.chinhphu.vn/cpp/files/vbpq/2025/9/135-vbhn-vpqh.pdf,Chương XVIII,Các tội xâm phạm trật tự quản lý kinh tế,Trích tự động từ tiêu đề điều luật bắt đầu bằng “Tội ...”; cần rà soát khi cập nhật VBHN mới.
HS_D219,Hình sự,Tội danh,219,,"Tội vi phạm quy định về quản lý, sử dụng tài sản Nhà nước gây thất thoát, lãng phí",Điều 219 Bộ luật Hình sự (VBHN 135/VBHN-VPQH năm 2025),Bộ luật Hình sự - VBHN 135/VBHN-VPQH năm 2025,https://datafiles.chinhphu.vn/cpp/files/vbpq/2025/9/135-vbhn-vpqh.pdf,Chương XVIII,Các tội xâm phạm trật tự quản lý kinh tế,Trích tự động từ tiêu đề điều luật bắt đầu bằng “Tội ...”; cần rà soát khi cập nhật VBHN mới.
HS_D220,Hình sự,Tội danh,220,,Tội vi phạm quy định177 về quản lý và sử dụng vốn đầu tư công gây hậu quả nghiêm trọng,Điều 220 Bộ luật Hình sự (VBHN 135/VBHN-VPQH năm 2025),Bộ luật Hình sự - VBHN 135/VBHN-VPQH năm 2025,https://datafiles.chinhphu.vn/cpp/files/vbpq/2025/9/135-vbhn-vpqh.pdf,Chương XVIII,Các tội xâm phạm trật tự quản lý kinh tế,Trích tự động từ tiêu đề điều luật bắt đầu bằng “Tội ...”; cần rà soát khi cập nhật VBHN mới.
HS_D221,Hình sự,Tội danh,221,,Tội vi phạm quy định179 về kế toán gây hậu quả nghiêm trọng,Điều 221 Bộ luật Hình sự (VBHN 135/VBHN-VPQH năm 2025),Bộ luật Hình sự - VBHN 135/VBHN-VPQH năm 2025,https://datafiles.chinhphu.vn/cpp/files/vbpq/2025/9/135-vbhn-vpqh.pdf,Chương XVIII,Các tội xâm phạm trật tự quản lý kinh tế,Trích tự động từ tiêu đề điều luật bắt đầu bằng “Tội ...”; cần rà soát khi cập nhật VBHN mới.
HS_D222,Hình sự,Tội danh,222,,Tội vi phạm quy định về đấu thầu gây hậu quả nghiêm trọng,Điều 222 Bộ luật Hình sự (VBHN 135/VBHN-VPQH năm 2025),Bộ luật Hình sự - VBHN 135/VBHN-VPQH năm 2025,https://datafiles.chinhphu.vn/cpp/files/vbpq/2025/9/135-vbhn-vpqh.pdf,Chương XVIII,Các tội xâm phạm trật tự quản lý kinh tế,Trích tự động từ tiêu đề điều luật bắt đầu bằng “Tội ...”; cần rà soát khi cập nhật VBHN mới.
HS_D223,Hình sự,Tội danh,223,,"Tội thông đồng, bao che cho người nộp thuế gây hậu quả nghiêm trọng",Điều 223 Bộ luật Hình sự (VBHN 135/VBHN-VPQH năm 2025),Bộ luật Hình sự - VBHN 135/VBHN-VPQH năm 2025,https://datafiles.chinhphu.vn/cpp/files/vbpq/2025/9/135-vbhn-vpqh.pdf,Chương XVIII,Các tội xâm phạm trật tự quản lý kinh tế,Trích tự động từ tiêu đề điều luật bắt đầu bằng “Tội ...”; cần rà soát khi cập nhật VBHN mới.
HS_D224,Hình sự,Tội danh,224,,Tội vi phạm quy định về đầu tư công trình xây dựng gây hậu quả nghiêm trọng,Điều 224 Bộ luật Hình sự (VBHN 135/VBHN-VPQH năm 2025),Bộ luật Hình sự - VBHN 135/VBHN-VPQH năm 2025,https://datafiles.chinhphu.vn/cpp/files/vbpq/2025/9/135-vbhn-vpqh.pdf,Chương XVIII,Các tội xâm phạm trật tự quản lý kinh tế,Trích tự động từ tiêu đề điều luật bắt đầu bằng “Tội ...”; cần rà soát khi cập nhật VBHN mới.
HS_D225,Hình sự,Tội danh,225,,"Tội xâm phạm quyền tác giả, quyền liên quan",Điều 225 Bộ luật Hình sự (VBHN 135/VBHN-VPQH năm 2025),Bộ luật Hình sự - VBHN 135/VBHN-VPQH năm 2025,https://datafiles.chinhphu.vn/cpp/files/vbpq/2025/9/135-vbhn-vpqh.pdf,Chương XVIII,Các tội xâm phạm trật tự quản lý kinh tế,Trích tự động từ tiêu đề điều luật bắt đầu bằng “Tội ...”; cần rà soát khi cập nhật VBHN mới.
HS_D226,Hình sự,Tội danh,226,,Tội xâm phạm quyền sở hữu công nghiệp,Điều 226 Bộ luật Hình sự (VBHN 135/VBHN-VPQH năm 2025),Bộ luật Hình sự - VBHN 135/VBHN-VPQH năm 2025,https://datafiles.chinhphu.vn/cpp/files/vbpq/2025/9/135-vbhn-vpqh.pdf,Chương XVIII,Các tội xâm phạm trật tự quản lý kinh tế,Trích tự động từ tiêu đề điều luật bắt đầu bằng “Tội ...”; cần rà soát khi cập nhật VBHN mới.
HS_D227,Hình sự,Tội danh,227,,"Tội vi phạm quy định về nghiên cứu, thăm dò, khai thác tài nguyên",Điều 227 Bộ luật Hình sự (VBHN 135/VBHN-VPQH năm 2025),Bộ luật Hình sự - VBHN 135/VBHN-VPQH năm 2025,https://datafiles.chinhphu.vn/cpp/files/vbpq/2025/9/135-vbhn-vpqh.pdf,Chương XVIII,Các tội xâm phạm trật tự quản lý kinh tế,Trích tự động từ tiêu đề điều luật bắt đầu bằng “Tội ...”; cần rà soát khi cập nhật VBHN mới.
HS_D228,Hình sự,Tội danh,228,,Tội vi phạm các quy định về sử dụng đất đai,Điều 228 Bộ luật Hình sự (VBHN 135/VBHN-VPQH năm 2025),Bộ luật Hình sự - VBHN 135/VBHN-VPQH năm 2025,https://datafiles.chinhphu.vn/cpp/files/vbpq/2025/9/135-vbhn-vpqh.pdf,Chương XVIII,Các tội xâm phạm trật tự quản lý kinh tế,Trích tự động từ tiêu đề điều luật bắt đầu bằng “Tội ...”; cần rà soát khi cập nhật VBHN mới.
HS_D229,Hình sự,Tội danh,229,,Tội vi phạm các quy định về quản lý đất đai,Điều 229 Bộ luật Hình sự (VBHN 135/VBHN-VPQH năm 2025),Bộ luật Hình sự - VBHN 135/VBHN-VPQH năm 2025,https://datafiles.chinhphu.vn/cpp/files/vbpq/2025/9/135-vbhn-vpqh.pdf,Chương XVIII,Các tội xâm phạm trật tự quản lý kinh tế,Trích tự động từ tiêu đề điều luật bắt đầu bằng “Tội ...”; cần rà soát khi cập nhật VBHN mới.
HS_D230,Hình sự,Tội danh,230,,"Tội vi phạm quy định về bồi thường, hỗ trợ, tái định cư khi Nhà nước thu hồi đất",Điều 230 Bộ luật Hình sự (VBHN 135/VBHN-VPQH năm 2025),Bộ luật Hình sự - VBHN 135/VBHN-VPQH năm 2025,https://datafiles.chinhphu.vn/cpp/files/vbpq/2025/9/135-vbhn-vpqh.pdf,Chương XVIII,Các tội xâm phạm trật tự quản lý kinh tế,Trích tự động từ tiêu đề điều luật bắt đầu bằng “Tội ...”; cần rà soát khi cập nhật VBHN mới.
HS_D231,Hình sự,Tội danh,231,,"Tội cố ý làm trái quy định về phân phối tiền, hàng cứu trợ",Điều 231 Bộ luật Hình sự (VBHN 135/VBHN-VPQH năm 2025),Bộ luật Hình sự - VBHN 135/VBHN-VPQH năm 2025,https://datafiles.chinhphu.vn/cpp/files/vbpq/2025/9/135-vbhn-vpqh.pdf,Chương XVIII,Các tội xâm phạm trật tự quản lý kinh tế,Trích tự động từ tiêu đề điều luật bắt đầu bằng “Tội ...”; cần rà soát khi cập nhật VBHN mới.
HS_D232,Hình sự,Tội danh,232,,"Tội vi phạm quy định về khai thác, bảo vệ rừng và lâm sản",Điều 232 Bộ luật Hình sự (VBHN 135/VBHN-VPQH năm 2025),Bộ luật Hình sự - VBHN 135/VBHN-VPQH năm 2025,https://datafiles.chinhphu.vn/cpp/files/vbpq/2025/9/135-vbhn-vpqh.pdf,Chương XVIII,Các tội xâm phạm trật tự quản lý kinh tế,Trích tự động từ tiêu đề điều luật bắt đầu bằng “Tội ...”; cần rà soát khi cập nhật VBHN mới.
HS_D233,Hình sự,Tội danh,233,,Tội vi phạm quy định về quản lý rừng,Điều 233 Bộ luật Hình sự (VBHN 135/VBHN-VPQH năm 2025),Bộ luật Hình sự - VBHN 135/VBHN-VPQH năm 2025,https://datafiles.chinhphu.vn/cpp/files/vbpq/2025/9/135-vbhn-vpqh.pdf,Chương XVIII,Các tội xâm phạm trật tự quản lý kinh tế,Trích tự động từ tiêu đề điều luật bắt đầu bằng “Tội ...”; cần rà soát khi cập nhật VBHN mới.
HS_D234,Hình sự,Tội danh,234,,Tội vi phạm quy định về bảo vệ động vật hoang dã,Điều 234 Bộ luật Hình sự (VBHN 135/VBHN-VPQH năm 2025),Bộ luật Hình sự - VBHN 135/VBHN-VPQH năm 2025,https://datafiles.chinhphu.vn/cpp/files/vbpq/2025/9/135-vbhn-vpqh.pdf,Chương XVIII,Các tội xâm phạm trật tự quản lý kinh tế,Trích tự động từ tiêu đề điều luật bắt đầu bằng “Tội ...”; cần rà soát khi cập nhật VBHN mới.
HS_D235,Hình sự,Tội danh,235,,Tội gây ô nhiễm môi trường,Điều 235 Bộ luật Hình sự (VBHN 135/VBHN-VPQH năm 2025),Bộ luật Hình sự - VBHN 135/VBHN-VPQH năm 2025,https://datafiles.chinhphu.vn/cpp/files/vbpq/2025/9/135-vbhn-vpqh.pdf,Chương XIX,Các tội phạm về môi trường,Trích tự động từ tiêu đề điều luật bắt đầu bằng “Tội ...”; cần rà soát khi cập nhật VBHN mới.
HS_D236,Hình sự,Tội danh,236,,Tội vi phạm quy định về quản lý chất thải nguy hại,Điều 236 Bộ luật Hình sự (VBHN 135/VBHN-VPQH năm 2025),Bộ luật Hình sự - VBHN 135/VBHN-VPQH năm 2025,https://datafiles.chinhphu.vn/cpp/files/vbpq/2025/9/135-vbhn-vpqh.pdf,Chương XIX,Các tội phạm về môi trường,Trích tự động từ tiêu đề điều luật bắt đầu bằng “Tội ...”; cần rà soát khi cập nhật VBHN mới.
HS_D237,Hình sự,Tội danh,237,,"Tội vi phạm quy định về phòng ngừa, ứng phó, khắc phục sự cố môi trường",Điều 237 Bộ luật Hình sự (VBHN 135/VBHN-VPQH năm 2025),Bộ luật Hình sự - VBHN 135/VBHN-VPQH năm 2025,https://datafiles.chinhphu.vn/cpp/files/vbpq/2025/9/135-vbhn-vpqh.pdf,Chương XIX,Các tội phạm về môi trường,Trích tự động từ tiêu đề điều luật bắt đầu bằng “Tội ...”; cần rà soát khi cập nhật VBHN mới.
HS_D238,Hình sự,Tội danh,238,,"Tội vi phạm quy định về bảo vệ an toàn công trình thủy lợi, đê điều và phòng, chống thiên tai; vi phạm quy định về bảo vệ bờ, bãi sông",Điều 238 Bộ luật Hình sự (VBHN 135/VBHN-VPQH năm 2025),Bộ luật Hình sự - VBHN 135/VBHN-VPQH năm 2025,https://datafiles.chinhphu.vn/cpp/files/vbpq/2025/9/135-vbhn-vpqh.pdf,Chương XIX,Các tội phạm về môi trường,Trích tự động từ tiêu đề điều luật bắt đầu bằng “Tội ...”; cần rà soát khi cập nhật VBHN mới.
HS_D239,Hình sự,Tội danh,239,,Tội đưa chất thải vào lãnh thổ Việt Nam,Điều 239 Bộ luật Hình sự (VBHN 135/VBHN-VPQH năm 2025),Bộ luật Hình sự - VBHN 135/VBHN-VPQH năm 2025,https://datafiles.chinhphu.vn/cpp/files/vbpq/2025/9/135-vbhn-vpqh.pdf,Chương XIX,Các tội phạm về môi trường,Trích tự động từ tiêu đề điều luật bắt đầu bằng “Tội ...”; cần rà soát khi cập nhật VBHN mới.
HS_D240,Hình sự,Tội danh,240,,Tội làm lây lan dịch bệnh truyền nhiễm nguy hiểm cho người,Điều 240 Bộ luật Hình sự (VBHN 135/VBHN-VPQH năm 2025),Bộ luật Hình sự - VBHN 135/VBHN-VPQH năm 2025,https://datafiles.chinhphu.vn/cpp/files/vbpq/2025/9/135-vbhn-vpqh.pdf,Chương XIX,Các tội phạm về môi trường,Trích tự động từ tiêu đề điều luật bắt đầu bằng “Tội ...”; cần rà soát khi cập nhật VBHN mới.
HS_D241,Hình sự,Tội danh,241,,"Tội làm lây lan dịch bệnh nguy hiểm cho động vật, thực vật",Điều 241 Bộ luật Hình sự (VBHN 135/VBHN-VPQH năm 2025),Bộ luật Hình sự - VBHN 135/VBHN-VPQH năm 2025,https://datafiles.chinhphu.vn/cpp/files/vbpq/2025/9/135-vbhn-vpqh.pdf,Chương XIX,Các tội phạm về môi trường,Trích tự động từ tiêu đề điều luật bắt đầu bằng “Tội ...”; cần rà soát khi cập nhật VBHN mới.
HS_D242,Hình sự,Tội danh,242,,Tội hủy hoại nguồn lợi thủy sản,Điều 242 Bộ luật Hình sự (VBHN 135/VBHN-VPQH năm 2025),Bộ luật Hình sự - VBHN 135/VBHN-VPQH năm 2025,https://datafiles.chinhphu.vn/cpp/files/vbpq/2025/9/135-vbhn-vpqh.pdf,Chương XIX,Các tội phạm về môi trường,Trích tự động từ tiêu đề điều luật bắt đầu bằng “Tội ...”; cần rà soát khi cập nhật VBHN mới.
HS_D243,Hình sự,Tội danh,243,,Tội hủy hoại rừng,Điều 243 Bộ luật Hình sự (VBHN 135/VBHN-VPQH năm 2025),Bộ luật Hình sự - VBHN 135/VBHN-VPQH năm 2025,https://datafiles.chinhphu.vn/cpp/files/vbpq/2025/9/135-vbhn-vpqh.pdf,Chương XIX,Các tội phạm về môi trường,Trích tự động từ tiêu đề điều luật bắt đầu bằng “Tội ...”; cần rà soát khi cập nhật VBHN mới.
HS_D244,Hình sự,Tội danh,244,,"Tội vi phạm quy định về bảo vệ động vật nguy cấp, quý, hiếm",Điều 244 Bộ luật Hình sự (VBHN 135/VBHN-VPQH năm 2025),Bộ luật Hình sự - VBHN 135/VBHN-VPQH năm 2025,https://datafiles.chinhphu.vn/cpp/files/vbpq/2025/9/135-vbhn-vpqh.pdf,Chương XIX,Các tội phạm về môi trường,Trích tự động từ tiêu đề điều luật bắt đầu bằng “Tội ...”; cần rà soát khi cập nhật VBHN mới.
HS_D245,Hình sự,Tội danh,245,,Tội vi phạm quy định về quản lý khu bảo tồn thiên nhiên,Điều 245 Bộ luật Hình sự (VBHN 135/VBHN-VPQH năm 2025),Bộ luật Hình sự - VBHN 135/VBHN-VPQH năm 2025,https://datafiles.chinhphu.vn/cpp/files/vbpq/2025/9/135-vbhn-vpqh.pdf,Chương XIX,Các tội phạm về môi trường,Trích tự động từ tiêu đề điều luật bắt đầu bằng “Tội ...”; cần rà soát khi cập nhật VBHN mới.
HS_D246,Hình sự,Tội danh,246,,"Tội nhập khẩu, phát tán các loài ngoại lai xâm hại",Điều 246 Bộ luật Hình sự (VBHN 135/VBHN-VPQH năm 2025),Bộ luật Hình sự - VBHN 135/VBHN-VPQH năm 2025,https://datafiles.chinhphu.vn/cpp/files/vbpq/2025/9/135-vbhn-vpqh.pdf,Chương XIX,Các tội phạm về môi trường,Trích tự động từ tiêu đề điều luật bắt đầu bằng “Tội ...”; cần rà soát khi cập nhật VBHN mới.
HS_D247,Hình sự,Tội danh,247,,"Tội trồng cây thuốc phiện, cây côca, cây cần sa hoặc các loại cây khác có chứa chất ma túy",Điều 247 Bộ luật Hình sự (VBHN 135/VBHN-VPQH năm 2025),Bộ luật Hình sự - VBHN 135/VBHN-VPQH năm 2025,https://datafiles.chinhphu.vn/cpp/files/vbpq/2025/9/135-vbhn-vpqh.pdf,Chương XX,Các tội phạm về ma túy,Trích tự động từ tiêu đề điều luật bắt đầu bằng “Tội ...”; cần rà soát khi cập nhật VBHN mới.
HS_D248,Hình sự,Tội danh,248,,Tội sản xuất trái phép chất ma túy,Điều 248 Bộ luật Hình sự (VBHN 135/VBHN-VPQH năm 2025),Bộ luật Hình sự - VBHN 135/VBHN-VPQH năm 2025,https://datafiles.chinhphu.vn/cpp/files/vbpq/2025/9/135-vbhn-vpqh.pdf,Chương XX,Các tội phạm về ma túy,Trích tự động từ tiêu đề điều luật bắt đầu bằng “Tội ...”; cần rà soát khi cập nhật VBHN mới.
HS_D249,Hình sự,Tội danh,249,,Tội tàng trữ trái phép chất ma túy,Điều 249 Bộ luật Hình sự (VBHN 135/VBHN-VPQH năm 2025),Bộ luật Hình sự - VBHN 135/VBHN-VPQH năm 2025,https://datafiles.chinhphu.vn/cpp/files/vbpq/2025/9/135-vbhn-vpqh.pdf,Chương XX,Các tội phạm về ma túy,Trích tự động từ tiêu đề điều luật bắt đầu bằng “Tội ...”; cần rà soát khi cập nhật VBHN mới.
HS_D250,Hình sự,Tội danh,250,,Tội vận chuyển trái phép chất ma túy,Điều 250 Bộ luật Hình sự (VBHN 135/VBHN-VPQH năm 2025),Bộ luật Hình sự - VBHN 135/VBHN-VPQH năm 2025,https://datafiles.chinhphu.vn/cpp/files/vbpq/2025/9/135-vbhn-vpqh.pdf,Chương XX,Các tội phạm về ma túy,Trích tự động từ tiêu đề điều luật bắt đầu bằng “Tội ...”; cần rà soát khi cập nhật VBHN mới.
HS_D251,Hình sự,Tội danh,251,,Tội mua bán trái phép chất ma túy,Điều 251 Bộ luật Hình sự (VBHN 135/VBHN-VPQH năm 2025),Bộ luật Hình sự - VBHN 135/VBHN-VPQH năm 2025,https://datafiles.chinhphu.vn/cpp/files/vbpq/2025/9/135-vbhn-vpqh.pdf,Chương XX,Các tội phạm về ma túy,Trích tự động từ tiêu đề điều luật bắt đầu bằng “Tội ...”; cần rà soát khi cập nhật VBHN mới.
HS_D252,Hình sự,Tội danh,252,,"Tội chiếm đoạt chất ma túy233 Điều này được sửa đổi, bổ sung theo quy định tại khoản 18 Điều 1 của Luật số 86/2025/QH15 sửa đổi, bổ sung một số điều của Bộ luật Hình sự, có hiệu lực kể từ ngày 01 tháng 7 năm 2025. 233",Điều 252 Bộ luật Hình sự (VBHN 135/VBHN-VPQH năm 2025),Bộ luật Hình sự - VBHN 135/VBHN-VPQH năm 2025,https://datafiles.chinhphu.vn/cpp/files/vbpq/2025/9/135-vbhn-vpqh.pdf,Chương XX,Các tội phạm về ma túy,Trích tự động từ tiêu đề điều luật bắt đầu bằng “Tội ...”; cần rà soát khi cập nhật VBHN mới.
HS_D253,Hình sự,Tội danh,253,,"Tội tàng trữ, vận chuyển, mua bán hoặc chiếm đoạt tiền chất dùng vào việc sản xuất trái phép chất ma túy",Điều 253 Bộ luật Hình sự (VBHN 135/VBHN-VPQH năm 2025),Bộ luật Hình sự - VBHN 135/VBHN-VPQH năm 2025,https://datafiles.chinhphu.vn/cpp/files/vbpq/2025/9/135-vbhn-vpqh.pdf,Chương XX,Các tội phạm về ma túy,Trích tự động từ tiêu đề điều luật bắt đầu bằng “Tội ...”; cần rà soát khi cập nhật VBHN mới.
HS_D254,Hình sự,Tội danh,254,,"Tội sản xuất, tàng trữ, vận chuyển hoặc mua bán phương tiện, dụng cụ dùng vào việc sản xuất hoặc sử dụng trái phép chất ma túy",Điều 254 Bộ luật Hình sự (VBHN 135/VBHN-VPQH năm 2025),Bộ luật Hình sự - VBHN 135/VBHN-VPQH năm 2025,https://datafiles.chinhphu.vn/cpp/files/vbpq/2025/9/135-vbhn-vpqh.pdf,Chương XX,Các tội phạm về ma túy,Trích tự động từ tiêu đề điều luật bắt đầu bằng “Tội ...”; cần rà soát khi cập nhật VBHN mới.
HS_D255,Hình sự,Tội danh,255,,Tội tổ chức sử dụng trái phép chất ma túy,Điều 255 Bộ luật Hình sự (VBHN 135/VBHN-VPQH năm 2025),Bộ luật Hình sự - VBHN 135/VBHN-VPQH năm 2025,https://datafiles.chinhphu.vn/cpp/files/vbpq/2025/9/135-vbhn-vpqh.pdf,Chương XX,Các tội phạm về ma túy,Trích tự động từ tiêu đề điều luật bắt đầu bằng “Tội ...”; cần rà soát khi cập nhật VBHN mới.
HS_D256,Hình sự,Tội danh,256,,Tội chứa chấp việc sử dụng trái phép chất ma túy,Điều 256 Bộ luật Hình sự (VBHN 135/VBHN-VPQH năm 2025),Bộ luật Hình sự - VBHN 135/VBHN-VPQH năm 2025,https://datafiles.chinhphu.vn/cpp/files/vbpq/2025/9/135-vbhn-vpqh.pdf,Chương XX,Các tội phạm về ma túy,Trích tự động từ tiêu đề điều luật bắt đầu bằng “Tội ...”; cần rà soát khi cập nhật VBHN mới.
HS_D257,Hình sự,Tội danh,257,,Tội cưỡng bức người khác sử dụng trái phép chất ma túy,Điều 257 Bộ luật Hình sự (VBHN 135/VBHN-VPQH năm 2025),Bộ luật Hình sự - VBHN 135/VBHN-VPQH năm 2025,https://datafiles.chinhphu.vn/cpp/files/vbpq/2025/9/135-vbhn-vpqh.pdf,Chương XX,Các tội phạm về ma túy,Trích tự động từ tiêu đề điều luật bắt đầu bằng “Tội ...”; cần rà soát khi cập nhật VBHN mới.
HS_D258,Hình sự,Tội danh,258,,Tội lôi kéo người khác sử dụng trái phép chất ma túy,Điều 258 Bộ luật Hình sự (VBHN 135/VBHN-VPQH năm 2025),Bộ luật Hình sự - VBHN 135/VBHN-VPQH năm 2025,https://datafiles.chinhphu.vn/cpp/files/vbpq/2025/9/135-vbhn-vpqh.pdf,Chương XX,Các tội phạm về ma túy,Trích tự động từ tiêu đề điều luật bắt đầu bằng “Tội ...”; cần rà soát khi cập nhật VBHN mới.
HS_D259,Hình sự,Tội danh,259,,"Tội vi phạm quy định về quản lý chất ma túy, tiền chất, thuốc gây nghiện, thuốc hướng thần",Điều 259 Bộ luật Hình sự (VBHN 135/VBHN-VPQH năm 2025),Bộ luật Hình sự - VBHN 135/VBHN-VPQH năm 2025,https://datafiles.chinhphu.vn/cpp/files/vbpq/2025/9/135-vbhn-vpqh.pdf,Chương XX,Các tội phạm về ma túy,Trích tự động từ tiêu đề điều luật bắt đầu bằng “Tội ...”; cần rà soát khi cập nhật VBHN mới.
HS_D260,Hình sự,Tội danh,260,,Tội vi phạm quy định về tham gia giao thông đường bộ,Điều 260 Bộ luật Hình sự (VBHN 135/VBHN-VPQH năm 2025),Bộ luật Hình sự - VBHN 135/VBHN-VPQH năm 2025,https://datafiles.chinhphu.vn/cpp/files/vbpq/2025/9/135-vbhn-vpqh.pdf,Chương XXI,"Các tội xâm phạm an toàn công cộng, trật tự công cộng",Trích tự động từ tiêu đề điều luật bắt đầu bằng “Tội ...”; cần rà soát khi cập nhật VBHN mới.
HS_D261,Hình sự,Tội danh,261,,Tội cản trở giao thông đường bộ,Điều 261 Bộ luật Hình sự (VBHN 135/VBHN-VPQH năm 2025),Bộ luật Hình sự - VBHN 135/VBHN-VPQH năm 2025,https://datafiles.chinhphu.vn/cpp/files/vbpq/2025/9/135-vbhn-vpqh.pdf,Chương XXI,"Các tội xâm phạm an toàn công cộng, trật tự công cộng",Trích tự động từ tiêu đề điều luật bắt đầu bằng “Tội ...”; cần rà soát khi cập nhật VBHN mới.
HS_D262,Hình sự,Tội danh,262,,"Tội đưa vào sử dụng phương tiện giao thông cơ giới đường bộ, xe máy chuyên dùng không bảo đảm an toàn",Điều 262 Bộ luật Hình sự (VBHN 135/VBHN-VPQH năm 2025),Bộ luật Hình sự - VBHN 135/VBHN-VPQH năm 2025,https://datafiles.chinhphu.vn/cpp/files/vbpq/2025/9/135-vbhn-vpqh.pdf,Chương XXI,"Các tội xâm phạm an toàn công cộng, trật tự công cộng",Trích tự động từ tiêu đề điều luật bắt đầu bằng “Tội ...”; cần rà soát khi cập nhật VBHN mới.
HS_D263,Hình sự,Tội danh,263,,Tội điều động người không đủ điều kiện điều khiển phương tiện tham gia giao thông đường bộ,Điều 263 Bộ luật Hình sự (VBHN 135/VBHN-VPQH năm 2025),Bộ luật Hình sự - VBHN 135/VBHN-VPQH năm 2025,https://datafiles.chinhphu.vn/cpp/files/vbpq/2025/9/135-vbhn-vpqh.pdf,Chương XXI,"Các tội xâm phạm an toàn công cộng, trật tự công cộng",Trích tự động từ tiêu đề điều luật bắt đầu bằng “Tội ...”; cần rà soát khi cập nhật VBHN mới.
HS_D264,Hình sự,Tội danh,264,,Tội giao cho người không đủ điều kiện điều khiển phương tiện tham gia giao thông đường bộ,Điều 264 Bộ luật Hình sự (VBHN 135/VBHN-VPQH năm 2025),Bộ luật Hình sự - VBHN 135/VBHN-VPQH năm 2025,https://datafiles.chinhphu.vn/cpp/files/vbpq/2025/9/135-vbhn-vpqh.pdf,Chương XXI,"Các tội xâm phạm an toàn công cộng, trật tự công cộng",Trích tự động từ tiêu đề điều luật bắt đầu bằng “Tội ...”; cần rà soát khi cập nhật VBHN mới.
HS_D265,Hình sự,Tội danh,265,,Tội tổ chức đua xe trái phép,Điều 265 Bộ luật Hình sự (VBHN 135/VBHN-VPQH năm 2025),Bộ luật Hình sự - VBHN 135/VBHN-VPQH năm 2025,https://datafiles.chinhphu.vn/cpp/files/vbpq/2025/9/135-vbhn-vpqh.pdf,Chương XXI,"Các tội xâm phạm an toàn công cộng, trật tự công cộng",Trích tự động từ tiêu đề điều luật bắt đầu bằng “Tội ...”; cần rà soát khi cập nhật VBHN mới.
HS_D266,Hình sự,Tội danh,266,,Tội đua xe trái phép,Điều 266 Bộ luật Hình sự (VBHN 135/VBHN-VPQH năm 2025),Bộ luật Hình sự - VBHN 135/VBHN-VPQH năm 2025,https://datafiles.chinhphu.vn/cpp/files/vbpq/2025/9/135-vbhn-vpqh.pdf,Chương XXI,"Các tội xâm phạm an toàn công cộng, trật tự công cộng",Trích tự động từ tiêu đề điều luật bắt đầu bằng “Tội ...”; cần rà soát khi cập nhật VBHN mới.
HS_D267,Hình sự,Tội danh,267,,Tội vi phạm quy định về điều khiển phương tiện giao thông đường sắt,Điều 267 Bộ luật Hình sự (VBHN 135/VBHN-VPQH năm 2025),Bộ luật Hình sự - VBHN 135/VBHN-VPQH năm 2025,https://datafiles.chinhphu.vn/cpp/files/vbpq/2025/9/135-vbhn-vpqh.pdf,Chương XXI,"Các tội xâm phạm an toàn công cộng, trật tự công cộng",Trích tự động từ tiêu đề điều luật bắt đầu bằng “Tội ...”; cần rà soát khi cập nhật VBHN mới.
HS_D268,Hình sự,Tội danh,268,,Tội cản trở giao thông đường sắt,Điều 268 Bộ luật Hình sự (VBHN 135/VBHN-VPQH năm 2025),Bộ luật Hình sự - VBHN 135/VBHN-VPQH năm 2025,https://datafiles.chinhphu.vn/cpp/files/vbpq/2025/9/135-vbhn-vpqh.pdf,Chương XXI,"Các tội xâm phạm an toàn công cộng, trật tự công cộng",Trích tự động từ tiêu đề điều luật bắt đầu bằng “Tội ...”; cần rà soát khi cập nhật VBHN mới.
HS_D269,Hình sự,Tội danh,269,,"Tội đưa vào sử dụng phương tiện, thiết bị giao thông đường sắt không bảo đảm an toàn",Điều 269 Bộ luật Hình sự (VBHN 135/VBHN-VPQH năm 2025),Bộ luật Hình sự - VBHN 135/VBHN-VPQH năm 2025,https://datafiles.chinhphu.vn/cpp/files/vbpq/2025/9/135-vbhn-vpqh.pdf,Chương XXI,"Các tội xâm phạm an toàn công cộng, trật tự công cộng",Trích tự động từ tiêu đề điều luật bắt đầu bằng “Tội ...”; cần rà soát khi cập nhật VBHN mới.
HS_D270,Hình sự,Tội danh,270,,Tội điều động người không đủ điều kiện điều khiển phương tiện giao thông đường sắt,Điều 270 Bộ luật Hình sự (VBHN 135/VBHN-VPQH năm 2025),Bộ luật Hình sự - VBHN 135/VBHN-VPQH năm 2025,https://datafiles.chinhphu.vn/cpp/files/vbpq/2025/9/135-vbhn-vpqh.pdf,Chương XXI,"Các tội xâm phạm an toàn công cộng, trật tự công cộng",Trích tự động từ tiêu đề điều luật bắt đầu bằng “Tội ...”; cần rà soát khi cập nhật VBHN mới.
HS_D271,Hình sự,Tội danh,271,,Tội giao cho người không đủ điều kiện điều khiển phương tiện giao thông đường sắt,Điều 271 Bộ luật Hình sự (VBHN 135/VBHN-VPQH năm 2025),Bộ luật Hình sự - VBHN 135/VBHN-VPQH năm 2025,https://datafiles.chinhphu.vn/cpp/files/vbpq/2025/9/135-vbhn-vpqh.pdf,Chương XXI,"Các tội xâm phạm an toàn công cộng, trật tự công cộng",Trích tự động từ tiêu đề điều luật bắt đầu bằng “Tội ...”; cần rà soát khi cập nhật VBHN mới.
HS_D272,Hình sự,Tội danh,272,,Tội vi phạm quy định về điều khiển phương tiện giao thông đường thủy,Điều 272 Bộ luật Hình sự (VBHN 135/VBHN-VPQH năm 2025),Bộ luật Hình sự - VBHN 135/VBHN-VPQH năm 2025,https://datafiles.chinhphu.vn/cpp/files/vbpq/2025/9/135-vbhn-vpqh.pdf,Chương XXI,"Các tội xâm phạm an toàn công cộng, trật tự công cộng",Trích tự động từ tiêu đề điều luật bắt đầu bằng “Tội ...”; cần rà soát khi cập nhật VBHN mới.
HS_D273,Hình sự,Tội danh,273,,Tội cản trở giao thông đường thủy,Điều 273 Bộ luật Hình sự (VBHN 135/VBHN-VPQH năm 2025),Bộ luật Hình sự - VBHN 135/VBHN-VPQH năm 2025,https://datafiles.chinhphu.vn/cpp/files/vbpq/2025/9/135-vbhn-vpqh.pdf,Chương XXI,"Các tội xâm phạm an toàn công cộng, trật tự công cộng",Trích tự động từ tiêu đề điều luật bắt đầu bằng “Tội ...”; cần rà soát khi cập nhật VBHN mới.
HS_D274,Hình sự,Tội danh,274,,Tội đưa vào sử dụng phương tiện giao thông đường thủy không bảo đảm an toàn,Điều 274 Bộ luật Hình sự (VBHN 135/VBHN-VPQH năm 2025),Bộ luật Hình sự - VBHN 135/VBHN-VPQH năm 2025,https://datafiles.chinhphu.vn/cpp/files/vbpq/2025/9/135-vbhn-vpqh.pdf,Chương XXI,"Các tội xâm phạm an toàn công cộng, trật tự công cộng",Trích tự động từ tiêu đề điều luật bắt đầu bằng “Tội ...”; cần rà soát khi cập nhật VBHN mới.
HS_D275,Hình sự,Tội danh,275,,Tội điều động người không đủ điều kiện điều khiển phương tiện giao thông đường thủy,Điều 275 Bộ luật Hình sự (VBHN 135/VBHN-VPQH năm 2025),Bộ luật Hình sự - VBHN 135/VBHN-VPQH năm 2025,https://datafiles.chinhphu.vn/cpp/files/vbpq/2025/9/135-vbhn-vpqh.pdf,Chương XXI,"Các tội xâm phạm an toàn công cộng, trật tự công cộng",Trích tự động từ tiêu đề điều luật bắt đầu bằng “Tội ...”; cần rà soát khi cập nhật VBHN mới.
HS_D276,Hình sự,Tội danh,276,,Tội giao cho người không đủ điều kiện điều khiển phương tiện giao thông đường thủy,Điều 276 Bộ luật Hình sự (VBHN 135/VBHN-VPQH năm 2025),Bộ luật Hình sự - VBHN 135/VBHN-VPQH năm 2025,https://datafiles.chinhphu.vn/cpp/files/vbpq/2025/9/135-vbhn-vpqh.pdf,Chương XXI,"Các tội xâm phạm an toàn công cộng, trật tự công cộng",Trích tự động từ tiêu đề điều luật bắt đầu bằng “Tội ...”; cần rà soát khi cập nhật VBHN mới.
HS_D277,Hình sự,Tội danh,277,,Tội vi phạm quy định về điều khiển tàu bay,Điều 277 Bộ luật Hình sự (VBHN 135/VBHN-VPQH năm 2025),Bộ luật Hình sự - VBHN 135/VBHN-VPQH năm 2025,https://datafiles.chinhphu.vn/cpp/files/vbpq/2025/9/135-vbhn-vpqh.pdf,Chương XXI,"Các tội xâm phạm an toàn công cộng, trật tự công cộng",Trích tự động từ tiêu đề điều luật bắt đầu bằng “Tội ...”; cần rà soát khi cập nhật VBHN mới.
HS_D278,Hình sự,Tội danh,278,,Tội cản trở giao thông đường không,Điều 278 Bộ luật Hình sự (VBHN 135/VBHN-VPQH năm 2025),Bộ luật Hình sự - VBHN 135/VBHN-VPQH năm 2025,https://datafiles.chinhphu.vn/cpp/files/vbpq/2025/9/135-vbhn-vpqh.pdf,Chương XXI,"Các tội xâm phạm an toàn công cộng, trật tự công cộng",Trích tự động từ tiêu đề điều luật bắt đầu bằng “Tội ...”; cần rà soát khi cập nhật VBHN mới.
HS_D279,Hình sự,Tội danh,279,,"Tội đưa vào sử dụng tàu bay, thiết bị bảo đảm hoạt động bay không bảo đảm an toàn",Điều 279 Bộ luật Hình sự (VBHN 135/VBHN-VPQH năm 2025),Bộ luật Hình sự - VBHN 135/VBHN-VPQH năm 2025,https://datafiles.chinhphu.vn/cpp/files/vbpq/2025/9/135-vbhn-vpqh.pdf,Chương XXI,"Các tội xâm phạm an toàn công cộng, trật tự công cộng",Trích tự động từ tiêu đề điều luật bắt đầu bằng “Tội ...”; cần rà soát khi cập nhật VBHN mới.
HS_D280,Hình sự,Tội danh,280,,Tội điều động hoặc giao cho người không đủ điều kiện điều khiển tàu bay,Điều 280 Bộ luật Hình sự (VBHN 135/VBHN-VPQH năm 2025),Bộ luật Hình sự - VBHN 135/VBHN-VPQH năm 2025,https://datafiles.chinhphu.vn/cpp/files/vbpq/2025/9/135-vbhn-vpqh.pdf,Chương XXI,"Các tội xâm phạm an toàn công cộng, trật tự công cộng",Trích tự động từ tiêu đề điều luật bắt đầu bằng “Tội ...”; cần rà soát khi cập nhật VBHN mới.
HS_D281,Hình sự,Tội danh,281,,"Tội vi phạm quy định về duy tu, sửa chữa, quản lý công trình giao thông",Điều 281 Bộ luật Hình sự (VBHN 135/VBHN-VPQH năm 2025),Bộ luật Hình sự - VBHN 135/VBHN-VPQH năm 2025,https://datafiles.chinhphu.vn/cpp/files/vbpq/2025/9/135-vbhn-vpqh.pdf,Chương XXI,"Các tội xâm phạm an toàn công cộng, trật tự công cộng",Trích tự động từ tiêu đề điều luật bắt đầu bằng “Tội ...”; cần rà soát khi cập nhật VBHN mới.
HS_D282,Hình sự,Tội danh,282,,"Tội chiếm đoạt tàu bay, tàu thủy",Điều 282 Bộ luật Hình sự (VBHN 135/VBHN-VPQH năm 2025),Bộ luật Hình sự - VBHN 135/VBHN-VPQH năm 2025,https://datafiles.chinhphu.vn/cpp/files/vbpq/2025/9/135-vbhn-vpqh.pdf,Chương XXI,"Các tội xâm phạm an toàn công cộng, trật tự công cộng",Trích tự động từ tiêu đề điều luật bắt đầu bằng “Tội ...”; cần rà soát khi cập nhật VBHN mới.
HS_D283,Hình sự,Tội danh,283,,Tội điều khiển tàu bay vi phạm quy định về hàng không của nước Cộng hòa xã hội chủ nghĩa Việt Nam,Điều 283 Bộ luật Hình sự (VBHN 135/VBHN-VPQH năm 2025),Bộ luật Hình sự - VBHN 135/VBHN-VPQH năm 2025,https://datafiles.chinhphu.vn/cpp/files/vbpq/2025/9/135-vbhn-vpqh.pdf,Chương XXI,"Các tội xâm phạm an toàn công cộng, trật tự công cộng",Trích tự động từ tiêu đề điều luật bắt đầu bằng “Tội ...”; cần rà soát khi cập nhật VBHN mới.
HS_D284,Hình sự,Tội danh,284,,Tội điều khiển phương tiện hàng hải vi phạm quy định về hàng hải của nước Cộng hòa xã hội chủ nghĩa Việt Nam,Điều 284 Bộ luật Hình sự (VBHN 135/VBHN-VPQH năm 2025),Bộ luật Hình sự - VBHN 135/VBHN-VPQH năm 2025,https://datafiles.chinhphu.vn/cpp/files/vbpq/2025/9/135-vbhn-vpqh.pdf,Chương XXI,"Các tội xâm phạm an toàn công cộng, trật tự công cộng",Trích tự động từ tiêu đề điều luật bắt đầu bằng “Tội ...”; cần rà soát khi cập nhật VBHN mới.
HS_D285,Hình sự,Tội danh,285,,"Tội sản xuất, mua bán, trao đổi hoặc tặng cho công cụ, thiết bị, phần mềm để sử dụng vào mục đích trái pháp luật",Điều 285 Bộ luật Hình sự (VBHN 135/VBHN-VPQH năm 2025),Bộ luật Hình sự - VBHN 135/VBHN-VPQH năm 2025,https://datafiles.chinhphu.vn/cpp/files/vbpq/2025/9/135-vbhn-vpqh.pdf,Chương XXI,"Các tội xâm phạm an toàn công cộng, trật tự công cộng",Trích tự động từ tiêu đề điều luật bắt đầu bằng “Tội ...”; cần rà soát khi cập nhật VBHN mới.
HS_D286,Hình sự,Tội danh,286,,"Tội phát tán chương trình tin học gây hại cho hoạt động của mạng máy tính, mạng viễn thông, phương tiện điện tử",Điều 286 Bộ luật Hình sự (VBHN 135/VBHN-VPQH năm 2025),Bộ luật Hình sự - VBHN 135/VBHN-VPQH năm 2025,https://datafiles.chinhphu.vn/cpp/files/vbpq/2025/9/135-vbhn-vpqh.pdf,Chương XXI,"Các tội xâm phạm an toàn công cộng, trật tự công cộng",Trích tự động từ tiêu đề điều luật bắt đầu bằng “Tội ...”; cần rà soát khi cập nhật VBHN mới.
HS_D287,Hình sự,Tội danh,287,,"Tội cản trở hoặc gây rối loạn hoạt động của mạng máy tính, mạng viễn thông, phương tiện điện tử",Điều 287 Bộ luật Hình sự (VBHN 135/VBHN-VPQH năm 2025),Bộ luật Hình sự - VBHN 135/VBHN-VPQH năm 2025,https://datafiles.chinhphu.vn/cpp/files/vbpq/2025/9/135-vbhn-vpqh.pdf,Chương XXI,"Các tội xâm phạm an toàn công cộng, trật tự công cộng",Trích tự động từ tiêu đề điều luật bắt đầu bằng “Tội ...”; cần rà soát khi cập nhật VBHN mới.
HS_D288,Hình sự,Tội danh,288,,"Tội đưa hoặc sử dụng trái phép thông tin mạng máy tính, mạng viễn thông",Điều 288 Bộ luật Hình sự (VBHN 135/VBHN-VPQH năm 2025),Bộ luật Hình sự - VBHN 135/VBHN-VPQH năm 2025,https://datafiles.chinhphu.vn/cpp/files/vbpq/2025/9/135-vbhn-vpqh.pdf,Chương XXI,"Các tội xâm phạm an toàn công cộng, trật tự công cộng",Trích tự động từ tiêu đề điều luật bắt đầu bằng “Tội ...”; cần rà soát khi cập nhật VBHN mới.
HS_D289,Hình sự,Tội danh,289,,"Tội xâm nhập trái phép vào mạng máy tính, mạng viễn thông hoặc phương tiện điện tử của người khác",Điều 289 Bộ luật Hình sự (VBHN 135/VBHN-VPQH năm 2025),Bộ luật Hình sự - VBHN 135/VBHN-VPQH năm 2025,https://datafiles.chinhphu.vn/cpp/files/vbpq/2025/9/135-vbhn-vpqh.pdf,Chương XXI,"Các tội xâm phạm an toàn công cộng, trật tự công cộng",Trích tự động từ tiêu đề điều luật bắt đầu bằng “Tội ...”; cần rà soát khi cập nhật VBHN mới.
HS_D290,Hình sự,Tội danh,290,,"Tội sử dụng mạng máy tính, mạng viễn thông, phương tiện điện tử thực hiện hành vi chiếm đoạt tài sản",Điều 290 Bộ luật Hình sự (VBHN 135/VBHN-VPQH năm 2025),Bộ luật Hình sự - VBHN 135/VBHN-VPQH năm 2025,https://datafiles.chinhphu.vn/cpp/files/vbpq/2025/9/135-vbhn-vpqh.pdf,Chương XXI,"Các tội xâm phạm an toàn công cộng, trật tự công cộng",Trích tự động từ tiêu đề điều luật bắt đầu bằng “Tội ...”; cần rà soát khi cập nhật VBHN mới.
HS_D291,Hình sự,Tội danh,291,,"Tội thu thập, tàng trữ, trao đổi, mua bán, công khai hóa trái phép thông tin về tài khoản ngân hàng",Điều 291 Bộ luật Hình sự (VBHN 135/VBHN-VPQH năm 2025),Bộ luật Hình sự - VBHN 135/VBHN-VPQH năm 2025,https://datafiles.chinhphu.vn/cpp/files/vbpq/2025/9/135-vbhn-vpqh.pdf,Chương XXI,"Các tội xâm phạm an toàn công cộng, trật tự công cộng",Trích tự động từ tiêu đề điều luật bắt đầu bằng “Tội ...”; cần rà soát khi cập nhật VBHN mới.
HS_D293,Hình sự,Tội danh,293,,"Tội sử dụng trái phép tần số vô tuyến điện dành riêng cho mục đích cấp cứu, an toàn, tìm kiếm, cứu hộ, cứu nạn, quốc phòng, an ninh",Điều 293 Bộ luật Hình sự (VBHN 135/VBHN-VPQH năm 2025),Bộ luật Hình sự - VBHN 135/VBHN-VPQH năm 2025,https://datafiles.chinhphu.vn/cpp/files/vbpq/2025/9/135-vbhn-vpqh.pdf,Chương XXI,"Các tội xâm phạm an toàn công cộng, trật tự công cộng",Trích tự động từ tiêu đề điều luật bắt đầu bằng “Tội ...”; cần rà soát khi cập nhật VBHN mới.
HS_D294,Hình sự,Tội danh,294,,Tội cố ý gây nhiễu có hại,Điều 294 Bộ luật Hình sự (VBHN 135/VBHN-VPQH năm 2025),Bộ luật Hình sự - VBHN 135/VBHN-VPQH năm 2025,https://datafiles.chinhphu.vn/cpp/files/vbpq/2025/9/135-vbhn-vpqh.pdf,Chương XXI,"Các tội xâm phạm an toàn công cộng, trật tự công cộng",Trích tự động từ tiêu đề điều luật bắt đầu bằng “Tội ...”; cần rà soát khi cập nhật VBHN mới.
HS_D295,Hình sự,Tội danh,295,,"Tội vi phạm quy định về an toàn lao động, vệ sinh lao động, về an toàn ở nơi đông người",Điều 295 Bộ luật Hình sự (VBHN 135/VBHN-VPQH năm 2025),Bộ luật Hình sự - VBHN 135/VBHN-VPQH năm 2025,https://datafiles.chinhphu.vn/cpp/files/vbpq/2025/9/135-vbhn-vpqh.pdf,Chương XXI,"Các tội xâm phạm an toàn công cộng, trật tự công cộng",Trích tự động từ tiêu đề điều luật bắt đầu bằng “Tội ...”; cần rà soát khi cập nhật VBHN mới.
HS_D296,Hình sự,Tội danh,296,,Tội vi phạm quy định về sử dụng người lao động dưới 16 tuổi,Điều 296 Bộ luật Hình sự (VBHN 135/VBHN-VPQH năm 2025),Bộ luật Hình sự - VBHN 135/VBHN-VPQH năm 2025,https://datafiles.chinhphu.vn/cpp/files/vbpq/2025/9/135-vbhn-vpqh.pdf,Chương XXI,"Các tội xâm phạm an toàn công cộng, trật tự công cộng",Trích tự động từ tiêu đề điều luật bắt đầu bằng “Tội ...”; cần rà soát khi cập nhật VBHN mới.
HS_D297,Hình sự,Tội danh,297,,Tội cưỡng bức lao động,Điều 297 Bộ luật Hình sự (VBHN 135/VBHN-VPQH năm 2025),Bộ luật Hình sự - VBHN 135/VBHN-VPQH năm 2025,https://datafiles.chinhphu.vn/cpp/files/vbpq/2025/9/135-vbhn-vpqh.pdf,Chương XXI,"Các tội xâm phạm an toàn công cộng, trật tự công cộng",Trích tự động từ tiêu đề điều luật bắt đầu bằng “Tội ...”; cần rà soát khi cập nhật VBHN mới.
HS_D298,Hình sự,Tội danh,298,,Tội vi phạm quy định về xây dựng gây hậu quả nghiêm trọng,Điều 298 Bộ luật Hình sự (VBHN 135/VBHN-VPQH năm 2025),Bộ luật Hình sự - VBHN 135/VBHN-VPQH năm 2025,https://datafiles.chinhphu.vn/cpp/files/vbpq/2025/9/135-vbhn-vpqh.pdf,Chương XXI,"Các tội xâm phạm an toàn công cộng, trật tự công cộng",Trích tự động từ tiêu đề điều luật bắt đầu bằng “Tội ...”; cần rà soát khi cập nhật VBHN mới.
HS_D299,Hình sự,Tội danh,299,,Tội khủng bố,Điều 299 Bộ luật Hình sự (VBHN 135/VBHN-VPQH năm 2025),Bộ luật Hình sự - VBHN 135/VBHN-VPQH năm 2025,https://datafiles.chinhphu.vn/cpp/files/vbpq/2025/9/135-vbhn-vpqh.pdf,Chương XXI,"Các tội xâm phạm an toàn công cộng, trật tự công cộng",Trích tự động từ tiêu đề điều luật bắt đầu bằng “Tội ...”; cần rà soát khi cập nhật VBHN mới.
HS_D300,Hình sự,Tội danh,300,,Tội tài trợ khủng bố,Điều 300 Bộ luật Hình sự (VBHN 135/VBHN-VPQH năm 2025),Bộ luật Hình sự - VBHN 135/VBHN-VPQH năm 2025,https://datafiles.chinhphu.vn/cpp/files/vbpq/2025/9/135-vbhn-vpqh.pdf,Chương XXI,"Các tội xâm phạm an toàn công cộng, trật tự công cộng",Trích tự động từ tiêu đề điều luật bắt đầu bằng “Tội ...”; cần rà soát khi cập nhật VBHN mới.
HS_D301,Hình sự,Tội danh,301,,Tội bắt cóc con tin,Điều 301 Bộ luật Hình sự (VBHN 135/VBHN-VPQH năm 2025),Bộ luật Hình sự - VBHN 135/VBHN-VPQH năm 2025,https://datafiles.chinhphu.vn/cpp/files/vbpq/2025/9/135-vbhn-vpqh.pdf,Chương XXI,"Các tội xâm phạm an toàn công cộng, trật tự công cộng",Trích tự động từ tiêu đề điều luật bắt đầu bằng “Tội ...”; cần rà soát khi cập nhật VBHN mới.
HS_D302,Hình sự,Tội danh,302,,Tội cướp biển,Điều 302 Bộ luật Hình sự (VBHN 135/VBHN-VPQH năm 2025),Bộ luật Hình sự - VBHN 135/VBHN-VPQH năm 2025,https://datafiles.chinhphu.vn/cpp/files/vbpq/2025/9/135-vbhn-vpqh.pdf,Chương XXI,"Các tội xâm phạm an toàn công cộng, trật tự công cộng",Trích tự động từ tiêu đề điều luật bắt đầu bằng “Tội ...”; cần rà soát khi cập nhật VBHN mới.
HS_D303,Hình sự,Tội danh,303,,"Tội phá hủy công trình, cơ sở, phương tiện quan trọng về an ninh quốc gia",Điều 303 Bộ luật Hình sự (VBHN 135/VBHN-VPQH năm 2025),Bộ luật Hình sự - VBHN 135/VBHN-VPQH năm 2025,https://datafiles.chinhphu.vn/cpp/files/vbpq/2025/9/135-vbhn-vpqh.pdf,Chương XXI,"Các tội xâm phạm an toàn công cộng, trật tự công cộng",Trích tự động từ tiêu đề điều luật bắt đầu bằng “Tội ...”; cần rà soát khi cập nhật VBHN mới.
HS_D304,Hình sự,Tội danh,304,,"Tội chế tạo, tàng trữ, vận chuyển, sử dụng, mua bán trái phép hoặc chiếm đoạt vũ khí quân dụng, phương tiện kỹ thuật quân sự",Điều 304 Bộ luật Hình sự (VBHN 135/VBHN-VPQH năm 2025),Bộ luật Hình sự - VBHN 135/VBHN-VPQH năm 2025,https://datafiles.chinhphu.vn/cpp/files/vbpq/2025/9/135-vbhn-vpqh.pdf,Chương XXI,"Các tội xâm phạm an toàn công cộng, trật tự công cộng",Trích tự động từ tiêu đề điều luật bắt đầu bằng “Tội ...”; cần rà soát khi cập nhật VBHN mới.
HS_D305,Hình sự,Tội danh,305,,"Tội chế tạo, tàng trữ, vận chuyển, sử dụng, mua bán trái phép hoặc chiếm đoạt vật liệu nổ",Điều 305 Bộ luật Hình sự (VBHN 135/VBHN-VPQH năm 2025),Bộ luật Hình sự - VBHN 135/VBHN-VPQH năm 2025,https://datafiles.chinhphu.vn/cpp/files/vbpq/2025/9/135-vbhn-vpqh.pdf,Chương XXI,"Các tội xâm phạm an toàn công cộng, trật tự công cộng",Trích tự động từ tiêu đề điều luật bắt đầu bằng “Tội ...”; cần rà soát khi cập nhật VBHN mới.
HS_D306,Hình sự,Tội danh,306,,"Tội chế tạo, tàng trữ, vận chuyển, sử dụng, mua bán trái phép hoặc chiếm đoạt súng săn, vũ khí thô sơ, vũ khí thể thao hoặc công cụ hỗ trợ",Điều 306 Bộ luật Hình sự (VBHN 135/VBHN-VPQH năm 2025),Bộ luật Hình sự - VBHN 135/VBHN-VPQH năm 2025,https://datafiles.chinhphu.vn/cpp/files/vbpq/2025/9/135-vbhn-vpqh.pdf,Chương XXI,"Các tội xâm phạm an toàn công cộng, trật tự công cộng",Trích tự động từ tiêu đề điều luật bắt đầu bằng “Tội ...”; cần rà soát khi cập nhật VBHN mới.
HS_D307,Hình sự,Tội danh,307,,"Tội vi phạm quy định về quản lý vũ khí, vật liệu nổ, công cụ hỗ trợ",Điều 307 Bộ luật Hình sự (VBHN 135/VBHN-VPQH năm 2025),Bộ luật Hình sự - VBHN 135/VBHN-VPQH năm 2025,https://datafiles.chinhphu.vn/cpp/files/vbpq/2025/9/135-vbhn-vpqh.pdf,Chương XXI,"Các tội xâm phạm an toàn công cộng, trật tự công cộng",Trích tự động từ tiêu đề điều luật bắt đầu bằng “Tội ...”; cần rà soát khi cập nhật VBHN mới.
HS_D308,Hình sự,Tội danh,308,,"Tội thiếu trách nhiệm trong việc giữ vũ khí, vật liệu nổ, công cụ hỗ trợ gây hậu quả nghiêm trọng",Điều 308 Bộ luật Hình sự (VBHN 135/VBHN-VPQH năm 2025),Bộ luật Hình sự - VBHN 135/VBHN-VPQH năm 2025,https://datafiles.chinhphu.vn/cpp/files/vbpq/2025/9/135-vbhn-vpqh.pdf,Chương XXI,"Các tội xâm phạm an toàn công cộng, trật tự công cộng",Trích tự động từ tiêu đề điều luật bắt đầu bằng “Tội ...”; cần rà soát khi cập nhật VBHN mới.
HS_D309,Hình sự,Tội danh,309,,"Tội sản xuất, tàng trữ, vận chuyển, sử dụng, phát tán, mua bán trái phép hoặc chiếm đoạt chất phóng xạ, vật liệu hạt nhân",Điều 309 Bộ luật Hình sự (VBHN 135/VBHN-VPQH năm 2025),Bộ luật Hình sự - VBHN 135/VBHN-VPQH năm 2025,https://datafiles.chinhphu.vn/cpp/files/vbpq/2025/9/135-vbhn-vpqh.pdf,Chương XXI,"Các tội xâm phạm an toàn công cộng, trật tự công cộng",Trích tự động từ tiêu đề điều luật bắt đầu bằng “Tội ...”; cần rà soát khi cập nhật VBHN mới.
HS_D310,Hình sự,Tội danh,310,,"Tội vi phạm quy định về quản lý chất phóng xạ, vật liệu hạt nhân",Điều 310 Bộ luật Hình sự (VBHN 135/VBHN-VPQH năm 2025),Bộ luật Hình sự - VBHN 135/VBHN-VPQH năm 2025,https://datafiles.chinhphu.vn/cpp/files/vbpq/2025/9/135-vbhn-vpqh.pdf,Chương XXI,"Các tội xâm phạm an toàn công cộng, trật tự công cộng",Trích tự động từ tiêu đề điều luật bắt đầu bằng “Tội ...”; cần rà soát khi cập nhật VBHN mới.
HS_D311,Hình sự,Tội danh,311,,"Tội sản xuất, tàng trữ, vận chuyển, sử dụng hoặc mua bán trái phép chất cháy, chất độc",Điều 311 Bộ luật Hình sự (VBHN 135/VBHN-VPQH năm 2025),Bộ luật Hình sự - VBHN 135/VBHN-VPQH năm 2025,https://datafiles.chinhphu.vn/cpp/files/vbpq/2025/9/135-vbhn-vpqh.pdf,Chương XXI,"Các tội xâm phạm an toàn công cộng, trật tự công cộng",Trích tự động từ tiêu đề điều luật bắt đầu bằng “Tội ...”; cần rà soát khi cập nhật VBHN mới.
HS_D312,Hình sự,Tội danh,312,,"Tội vi phạm quy định về quản lý chất cháy, chất độc",Điều 312 Bộ luật Hình sự (VBHN 135/VBHN-VPQH năm 2025),Bộ luật Hình sự - VBHN 135/VBHN-VPQH năm 2025,https://datafiles.chinhphu.vn/cpp/files/vbpq/2025/9/135-vbhn-vpqh.pdf,Chương XXI,"Các tội xâm phạm an toàn công cộng, trật tự công cộng",Trích tự động từ tiêu đề điều luật bắt đầu bằng “Tội ...”; cần rà soát khi cập nhật VBHN mới.
HS_D313,Hình sự,Tội danh,313,,"Tội vi phạm quy định về phòng cháy, chữa cháy",Điều 313 Bộ luật Hình sự (VBHN 135/VBHN-VPQH năm 2025),Bộ luật Hình sự - VBHN 135/VBHN-VPQH năm 2025,https://datafiles.chinhphu.vn/cpp/files/vbpq/2025/9/135-vbhn-vpqh.pdf,Chương XXI,"Các tội xâm phạm an toàn công cộng, trật tự công cộng",Trích tự động từ tiêu đề điều luật bắt đầu bằng “Tội ...”; cần rà soát khi cập nhật VBHN mới.
HS_D314,Hình sự,Tội danh,314,,Tội vi phạm quy định về an toàn vận hành công trình điện lực,Điều 314 Bộ luật Hình sự (VBHN 135/VBHN-VPQH năm 2025),Bộ luật Hình sự - VBHN 135/VBHN-VPQH năm 2025,https://datafiles.chinhphu.vn/cpp/files/vbpq/2025/9/135-vbhn-vpqh.pdf,Chương XXI,"Các tội xâm phạm an toàn công cộng, trật tự công cộng",Trích tự động từ tiêu đề điều luật bắt đầu bằng “Tội ...”; cần rà soát khi cập nhật VBHN mới.
HS_D315,Hình sự,Tội danh,315,,"Tội vi phạm quy định về khám bệnh, chữa bệnh, sản xuất, pha chế, cấp phát, bán thuốc hoặc dịch vụ y tế khác",Điều 315 Bộ luật Hình sự (VBHN 135/VBHN-VPQH năm 2025),Bộ luật Hình sự - VBHN 135/VBHN-VPQH năm 2025,https://datafiles.chinhphu.vn/cpp/files/vbpq/2025/9/135-vbhn-vpqh.pdf,Chương XXI,"Các tội xâm phạm an toàn công cộng, trật tự công cộng",Trích tự động từ tiêu đề điều luật bắt đầu bằng “Tội ...”; cần rà soát khi cập nhật VBHN mới.
HS_D316,Hình sự,Tội danh,316,,Tội phá thai trái phép,Điều 316 Bộ luật Hình sự (VBHN 135/VBHN-VPQH năm 2025),Bộ luật Hình sự - VBHN 135/VBHN-VPQH năm 2025,https://datafiles.chinhphu.vn/cpp/files/vbpq/2025/9/135-vbhn-vpqh.pdf,Chương XXI,"Các tội xâm phạm an toàn công cộng, trật tự công cộng",Trích tự động từ tiêu đề điều luật bắt đầu bằng “Tội ...”; cần rà soát khi cập nhật VBHN mới.
HS_D318,Hình sự,Tội danh,318,,Tội gây rối trật tự công cộng,Điều 318 Bộ luật Hình sự (VBHN 135/VBHN-VPQH năm 2025),Bộ luật Hình sự - VBHN 135/VBHN-VPQH năm 2025,https://datafiles.chinhphu.vn/cpp/files/vbpq/2025/9/135-vbhn-vpqh.pdf,Chương XXI,"Các tội xâm phạm an toàn công cộng, trật tự công cộng",Trích tự động từ tiêu đề điều luật bắt đầu bằng “Tội ...”; cần rà soát khi cập nhật VBHN mới.
HS_D319,Hình sự,Tội danh,319,,"Tội xâm phạm thi thể, mồ mả, hài cốt",Điều 319 Bộ luật Hình sự (VBHN 135/VBHN-VPQH năm 2025),Bộ luật Hình sự - VBHN 135/VBHN-VPQH năm 2025,https://datafiles.chinhphu.vn/cpp/files/vbpq/2025/9/135-vbhn-vpqh.pdf,Chương XXI,"Các tội xâm phạm an toàn công cộng, trật tự công cộng",Trích tự động từ tiêu đề điều luật bắt đầu bằng “Tội ...”; cần rà soát khi cập nhật VBHN mới.
HS_D320,Hình sự,Tội danh,320,,"Tội hành nghề mê tín, dị đoan",Điều 320 Bộ luật Hình sự (VBHN 135/VBHN-VPQH năm 2025),Bộ luật Hình sự - VBHN 135/VBHN-VPQH năm 2025,https://datafiles.chinhphu.vn/cpp/files/vbpq/2025/9/135-vbhn-vpqh.pdf,Chương XXI,"Các tội xâm phạm an toàn công cộng, trật tự công cộng",Trích tự động từ tiêu đề điều luật bắt đầu bằng “Tội ...”; cần rà soát khi cập nhật VBHN mới.
HS_D321,Hình sự,Tội danh,321,,Tội đánh bạc,Điều 321 Bộ luật Hình sự (VBHN 135/VBHN-VPQH năm 2025),Bộ luật Hình sự - VBHN 135/VBHN-VPQH năm 2025,https://datafiles.chinhphu.vn/cpp/files/vbpq/2025/9/135-vbhn-vpqh.pdf,Chương XXI,"Các tội xâm phạm an toàn công cộng, trật tự công cộng",Trích tự động từ tiêu đề điều luật bắt đầu bằng “Tội ...”; cần rà soát khi cập nhật VBHN mới.
HS_D322,Hình sự,Tội danh,322,,Tội tổ chức đánh bạc hoặc gá bạc,Điều 322 Bộ luật Hình sự (VBHN 135/VBHN-VPQH năm 2025),Bộ luật Hình sự - VBHN 135/VBHN-VPQH năm 2025,https://datafiles.chinhphu.vn/cpp/files/vbpq/2025/9/135-vbhn-vpqh.pdf,Chương XXI,"Các tội xâm phạm an toàn công cộng, trật tự công cộng",Trích tự động từ tiêu đề điều luật bắt đầu bằng “Tội ...”; cần rà soát khi cập nhật VBHN mới.
HS_D323,Hình sự,Tội danh,323,,Tội chứa chấp hoặc tiêu thụ tài sản do người khác phạm tội mà có,Điều 323 Bộ luật Hình sự (VBHN 135/VBHN-VPQH năm 2025),Bộ luật Hình sự - VBHN 135/VBHN-VPQH năm 2025,https://datafiles.chinhphu.vn/cpp/files/vbpq/2025/9/135-vbhn-vpqh.pdf,Chương XXI,"Các tội xâm phạm an toàn công cộng, trật tự công cộng",Trích tự động từ tiêu đề điều luật bắt đầu bằng “Tội ...”; cần rà soát khi cập nhật VBHN mới.
HS_D324,Hình sự,Tội danh,324,,Tội rửa tiền,Điều 324 Bộ luật Hình sự (VBHN 135/VBHN-VPQH năm 2025),Bộ luật Hình sự - VBHN 135/VBHN-VPQH năm 2025,https://datafiles.chinhphu.vn/cpp/files/vbpq/2025/9/135-vbhn-vpqh.pdf,Chương XXI,"Các tội xâm phạm an toàn công cộng, trật tự công cộng",Trích tự động từ tiêu đề điều luật bắt đầu bằng “Tội ...”; cần rà soát khi cập nhật VBHN mới.
HS_D325,Hình sự,Tội danh,325,,"Tội dụ dỗ, ép buộc hoặc chứa chấp người dưới 18 tuổi phạm pháp",Điều 325 Bộ luật Hình sự (VBHN 135/VBHN-VPQH năm 2025),Bộ luật Hình sự - VBHN 135/VBHN-VPQH năm 2025,https://datafiles.chinhphu.vn/cpp/files/vbpq/2025/9/135-vbhn-vpqh.pdf,Chương XXI,"Các tội xâm phạm an toàn công cộng, trật tự công cộng",Trích tự động từ tiêu đề điều luật bắt đầu bằng “Tội ...”; cần rà soát khi cập nhật VBHN mới.
HS_D326,Hình sự,Tội danh,326,,Tội truyền bá văn hóa phẩm đồi trụy,Điều 326 Bộ luật Hình sự (VBHN 135/VBHN-VPQH năm 2025),Bộ luật Hình sự - VBHN 135/VBHN-VPQH năm 2025,https://datafiles.chinhphu.vn/cpp/files/vbpq/2025/9/135-vbhn-vpqh.pdf,Chương XXI,"Các tội xâm phạm an toàn công cộng, trật tự công cộng",Trích tự động từ tiêu đề điều luật bắt đầu bằng “Tội ...”; cần rà soát khi cập nhật VBHN mới.
HS_D327,Hình sự,Tội danh,327,,Tội chứa mại dâm,Điều 327 Bộ luật Hình sự (VBHN 135/VBHN-VPQH năm 2025),Bộ luật Hình sự - VBHN 135/VBHN-VPQH năm 2025,https://datafiles.chinhphu.vn/cpp/files/vbpq/2025/9/135-vbhn-vpqh.pdf,Chương XXI,"Các tội xâm phạm an toàn công cộng, trật tự công cộng",Trích tự động từ tiêu đề điều luật bắt đầu bằng “Tội ...”; cần rà soát khi cập nhật VBHN mới.
HS_D328,Hình sự,Tội danh,328,,Tội môi giới mại dâm,Điều 328 Bộ luật Hình sự (VBHN 135/VBHN-VPQH năm 2025),Bộ luật Hình sự - VBHN 135/VBHN-VPQH năm 2025,https://datafiles.chinhphu.vn/cpp/files/vbpq/2025/9/135-vbhn-vpqh.pdf,Chương XXI,"Các tội xâm phạm an toàn công cộng, trật tự công cộng",Trích tự động từ tiêu đề điều luật bắt đầu bằng “Tội ...”; cần rà soát khi cập nhật VBHN mới.
HS_D329,Hình sự,Tội danh,329,,Tội mua dâm người dưới 18 tuổi,Điều 329 Bộ luật Hình sự (VBHN 135/VBHN-VPQH năm 2025),Bộ luật Hình sự - VBHN 135/VBHN-VPQH năm 2025,https://datafiles.chinhphu.vn/cpp/files/vbpq/2025/9/135-vbhn-vpqh.pdf,Chương XXI,"Các tội xâm phạm an toàn công cộng, trật tự công cộng",Trích tự động từ tiêu đề điều luật bắt đầu bằng “Tội ...”; cần rà soát khi cập nhật VBHN mới.
HS_D330,Hình sự,Tội danh,330,,Tội chống người thi hành công vụ,Điều 330 Bộ luật Hình sự (VBHN 135/VBHN-VPQH năm 2025),Bộ luật Hình sự - VBHN 135/VBHN-VPQH năm 2025,https://datafiles.chinhphu.vn/cpp/files/vbpq/2025/9/135-vbhn-vpqh.pdf,Chương XXII,Các tội xâm phạm trật tự quản lý hành chính,Trích tự động từ tiêu đề điều luật bắt đầu bằng “Tội ...”; cần rà soát khi cập nhật VBHN mới.
HS_D331,Hình sự,Tội danh,331,,"Tội lợi dụng các quyền tự do dân chủ xâm phạm lợi ích của Nhà nước, quyền, lợi ích hợp pháp của tổ chức, cá nhân",Điều 331 Bộ luật Hình sự (VBHN 135/VBHN-VPQH năm 2025),Bộ luật Hình sự - VBHN 135/VBHN-VPQH năm 2025,https://datafiles.chinhphu.vn/cpp/files/vbpq/2025/9/135-vbhn-vpqh.pdf,Chương XXII,Các tội xâm phạm trật tự quản lý hành chính,Trích tự động từ tiêu đề điều luật bắt đầu bằng “Tội ...”; cần rà soát khi cập nhật VBHN mới.
HS_D332,Hình sự,Tội danh,332,,Tội trốn tránh nghĩa vụ quân sự,Điều 332 Bộ luật Hình sự (VBHN 135/VBHN-VPQH năm 2025),Bộ luật Hình sự - VBHN 135/VBHN-VPQH năm 2025,https://datafiles.chinhphu.vn/cpp/files/vbpq/2025/9/135-vbhn-vpqh.pdf,Chương XXII,Các tội xâm phạm trật tự quản lý hành chính,Trích tự động từ tiêu đề điều luật bắt đầu bằng “Tội ...”; cần rà soát khi cập nhật VBHN mới.
HS_D333,Hình sự,Tội danh,333,,Tội không chấp hành lệnh gọi quân nhân dự bị nhập ngũ,Điều 333 Bộ luật Hình sự (VBHN 135/VBHN-VPQH năm 2025),Bộ luật Hình sự - VBHN 135/VBHN-VPQH năm 2025,https://datafiles.chinhphu.vn/cpp/files/vbpq/2025/9/135-vbhn-vpqh.pdf,Chương XXII,Các tội xâm phạm trật tự quản lý hành chính,Trích tự động từ tiêu đề điều luật bắt đầu bằng “Tội ...”; cần rà soát khi cập nhật VBHN mới.
HS_D334,Hình sự,Tội danh,334,,Tội làm trái quy định về việc thực hiện nghĩa vụ quân sự,Điều 334 Bộ luật Hình sự (VBHN 135/VBHN-VPQH năm 2025),Bộ luật Hình sự - VBHN 135/VBHN-VPQH năm 2025,https://datafiles.chinhphu.vn/cpp/files/vbpq/2025/9/135-vbhn-vpqh.pdf,Chương XXII,Các tội xâm phạm trật tự quản lý hành chính,Trích tự động từ tiêu đề điều luật bắt đầu bằng “Tội ...”; cần rà soát khi cập nhật VBHN mới.
HS_D335,Hình sự,Tội danh,335,,Tội cản trở việc thực hiện nghĩa vụ quân sự,Điều 335 Bộ luật Hình sự (VBHN 135/VBHN-VPQH năm 2025),Bộ luật Hình sự - VBHN 135/VBHN-VPQH năm 2025,https://datafiles.chinhphu.vn/cpp/files/vbpq/2025/9/135-vbhn-vpqh.pdf,Chương XXII,Các tội xâm phạm trật tự quản lý hành chính,Trích tự động từ tiêu đề điều luật bắt đầu bằng “Tội ...”; cần rà soát khi cập nhật VBHN mới.
HS_D336,Hình sự,Tội danh,336,,Tội đăng ký hộ tịch trái pháp luật,Điều 336 Bộ luật Hình sự (VBHN 135/VBHN-VPQH năm 2025),Bộ luật Hình sự - VBHN 135/VBHN-VPQH năm 2025,https://datafiles.chinhphu.vn/cpp/files/vbpq/2025/9/135-vbhn-vpqh.pdf,Chương XXII,Các tội xâm phạm trật tự quản lý hành chính,Trích tự động từ tiêu đề điều luật bắt đầu bằng “Tội ...”; cần rà soát khi cập nhật VBHN mới.
HS_D337,Hình sự,Tội danh,337,,"Tội cố ý làm lộ bí mật nhà nước; tội chiếm đoạt, mua bán hoặc tiêu hủy vật hoặc tài liệu bí mật nhà nước",Điều 337 Bộ luật Hình sự (VBHN 135/VBHN-VPQH năm 2025),Bộ luật Hình sự - VBHN 135/VBHN-VPQH năm 2025,https://datafiles.chinhphu.vn/cpp/files/vbpq/2025/9/135-vbhn-vpqh.pdf,Chương XXII,Các tội xâm phạm trật tự quản lý hành chính,Trích tự động từ tiêu đề điều luật bắt đầu bằng “Tội ...”; cần rà soát khi cập nhật VBHN mới.
HS_D338,Hình sự,Tội danh,338,,"Tội vô ý làm lộ bí mật nhà nước; tội làm mất vật, tài liệu bí mật nhà nước",Điều 338 Bộ luật Hình sự (VBHN 135/VBHN-VPQH năm 2025),Bộ luật Hình sự - VBHN 135/VBHN-VPQH năm 2025,https://datafiles.chinhphu.vn/cpp/files/vbpq/2025/9/135-vbhn-vpqh.pdf,Chương XXII,Các tội xâm phạm trật tự quản lý hành chính,Trích tự động từ tiêu đề điều luật bắt đầu bằng “Tội ...”; cần rà soát khi cập nhật VBHN mới.
HS_D339,Hình sự,Tội danh,339,,"Tội giả mạo chức vụ, cấp bậc, vị trí công tác",Điều 339 Bộ luật Hình sự (VBHN 135/VBHN-VPQH năm 2025),Bộ luật Hình sự - VBHN 135/VBHN-VPQH năm 2025,https://datafiles.chinhphu.vn/cpp/files/vbpq/2025/9/135-vbhn-vpqh.pdf,Chương XXII,Các tội xâm phạm trật tự quản lý hành chính,Trích tự động từ tiêu đề điều luật bắt đầu bằng “Tội ...”; cần rà soát khi cập nhật VBHN mới.
HS_D340,Hình sự,Tội danh,340,,"Tội sửa chữa và sử dụng giấy chứng nhận, các tài liệu của cơ quan, tổ chức",Điều 340 Bộ luật Hình sự (VBHN 135/VBHN-VPQH năm 2025),Bộ luật Hình sự - VBHN 135/VBHN-VPQH năm 2025,https://datafiles.chinhphu.vn/cpp/files/vbpq/2025/9/135-vbhn-vpqh.pdf,Chương XXII,Các tội xâm phạm trật tự quản lý hành chính,Trích tự động từ tiêu đề điều luật bắt đầu bằng “Tội ...”; cần rà soát khi cập nhật VBHN mới.
HS_D341,Hình sự,Tội danh,341,,"Tội làm giả con dấu, tài liệu của cơ quan, tổ chức; tội sử dụng con dấu hoặc tài liệu giả của cơ quan, tổ chức",Điều 341 Bộ luật Hình sự (VBHN 135/VBHN-VPQH năm 2025),Bộ luật Hình sự - VBHN 135/VBHN-VPQH năm 2025,https://datafiles.chinhphu.vn/cpp/files/vbpq/2025/9/135-vbhn-vpqh.pdf,Chương XXII,Các tội xâm phạm trật tự quản lý hành chính,Trích tự động từ tiêu đề điều luật bắt đầu bằng “Tội ...”; cần rà soát khi cập nhật VBHN mới.
HS_D342,Hình sự,Tội danh,342,,"Tội chiếm đoạt, mua bán, tiêu hủy con dấu, tài liệu của cơ quan, tổ chức",Điều 342 Bộ luật Hình sự (VBHN 135/VBHN-VPQH năm 2025),Bộ luật Hình sự - VBHN 135/VBHN-VPQH năm 2025,https://datafiles.chinhphu.vn/cpp/files/vbpq/2025/9/135-vbhn-vpqh.pdf,Chương XXII,Các tội xâm phạm trật tự quản lý hành chính,Trích tự động từ tiêu đề điều luật bắt đầu bằng “Tội ...”; cần rà soát khi cập nhật VBHN mới.
HS_D343,Hình sự,Tội danh,343,,Tội vi phạm các quy định về quản lý nhà ở,Điều 343 Bộ luật Hình sự (VBHN 135/VBHN-VPQH năm 2025),Bộ luật Hình sự - VBHN 135/VBHN-VPQH năm 2025,https://datafiles.chinhphu.vn/cpp/files/vbpq/2025/9/135-vbhn-vpqh.pdf,Chương XXII,Các tội xâm phạm trật tự quản lý hành chính,Trích tự động từ tiêu đề điều luật bắt đầu bằng “Tội ...”; cần rà soát khi cập nhật VBHN mới.
HS_D344,Hình sự,Tội danh,344,,Tội vi phạm quy định về hoạt động xuất bản,Điều 344 Bộ luật Hình sự (VBHN 135/VBHN-VPQH năm 2025),Bộ luật Hình sự - VBHN 135/VBHN-VPQH năm 2025,https://datafiles.chinhphu.vn/cpp/files/vbpq/2025/9/135-vbhn-vpqh.pdf,Chương XXII,Các tội xâm phạm trật tự quản lý hành chính,Trích tự động từ tiêu đề điều luật bắt đầu bằng “Tội ...”; cần rà soát khi cập nhật VBHN mới.
HS_D345,Hình sự,Tội danh,345,,"Tội vi phạm các quy định về bảo vệ và sử dụng di tích lịch sử - văn hóa, danh lam, thắng cảnh gây hậu quả nghiêm trọng",Điều 345 Bộ luật Hình sự (VBHN 135/VBHN-VPQH năm 2025),Bộ luật Hình sự - VBHN 135/VBHN-VPQH năm 2025,https://datafiles.chinhphu.vn/cpp/files/vbpq/2025/9/135-vbhn-vpqh.pdf,Chương XXII,Các tội xâm phạm trật tự quản lý hành chính,Trích tự động từ tiêu đề điều luật bắt đầu bằng “Tội ...”; cần rà soát khi cập nhật VBHN mới.
HS_D346,Hình sự,Tội danh,346,,Tội vi phạm quy chế về khu vực biên giới,Điều 346 Bộ luật Hình sự (VBHN 135/VBHN-VPQH năm 2025),Bộ luật Hình sự - VBHN 135/VBHN-VPQH năm 2025,https://datafiles.chinhphu.vn/cpp/files/vbpq/2025/9/135-vbhn-vpqh.pdf,Chương XXII,Các tội xâm phạm trật tự quản lý hành chính,Trích tự động từ tiêu đề điều luật bắt đầu bằng “Tội ...”; cần rà soát khi cập nhật VBHN mới.
HS_D347,Hình sự,Tội danh,347,,"Tội vi phạm quy định về xuất cảnh, nhập cảnh; tội ở lại Việt Nam trái phép",Điều 347 Bộ luật Hình sự (VBHN 135/VBHN-VPQH năm 2025),Bộ luật Hình sự - VBHN 135/VBHN-VPQH năm 2025,https://datafiles.chinhphu.vn/cpp/files/vbpq/2025/9/135-vbhn-vpqh.pdf,Chương XXII,Các tội xâm phạm trật tự quản lý hành chính,Trích tự động từ tiêu đề điều luật bắt đầu bằng “Tội ...”; cần rà soát khi cập nhật VBHN mới.
HS_D348,Hình sự,Tội danh,348,,"Tội tổ chức, môi giới cho người khác xuất cảnh, nhập cảnh hoặc ở lại Việt Nam trái phép",Điều 348 Bộ luật Hình sự (VBHN 135/VBHN-VPQH năm 2025),Bộ luật Hình sự - VBHN 135/VBHN-VPQH năm 2025,https://datafiles.chinhphu.vn/cpp/files/vbpq/2025/9/135-vbhn-vpqh.pdf,Chương XXII,Các tội xâm phạm trật tự quản lý hành chính,Trích tự động từ tiêu đề điều luật bắt đầu bằng “Tội ...”; cần rà soát khi cập nhật VBHN mới.
HS_D349,Hình sự,Tội danh,349,,"Tội tổ chức, môi giới cho người khác trốn đi nước ngoài hoặc ở lại nước ngoài trái phép",Điều 349 Bộ luật Hình sự (VBHN 135/VBHN-VPQH năm 2025),Bộ luật Hình sự - VBHN 135/VBHN-VPQH năm 2025,https://datafiles.chinhphu.vn/cpp/files/vbpq/2025/9/135-vbhn-vpqh.pdf,Chương XXII,Các tội xâm phạm trật tự quản lý hành chính,Trích tự động từ tiêu đề điều luật bắt đầu bằng “Tội ...”; cần rà soát khi cập nhật VBHN mới.
HS_D350,Hình sự,Tội danh,350,,Tội cưỡng ép người khác trốn đi nước ngoài hoặc ở lại nước ngoài trái phép,Điều 350 Bộ luật Hình sự (VBHN 135/VBHN-VPQH năm 2025),Bộ luật Hình sự - VBHN 135/VBHN-VPQH năm 2025,https://datafiles.chinhphu.vn/cpp/files/vbpq/2025/9/135-vbhn-vpqh.pdf,Chương XXII,Các tội xâm phạm trật tự quản lý hành chính,Trích tự động từ tiêu đề điều luật bắt đầu bằng “Tội ...”; cần rà soát khi cập nhật VBHN mới.
HS_D351,Hình sự,Tội danh,351,,"Tội xúc phạm Quốc kỳ, Quốc huy, Quốc ca",Điều 351 Bộ luật Hình sự (VBHN 135/VBHN-VPQH năm 2025),Bộ luật Hình sự - VBHN 135/VBHN-VPQH năm 2025,https://datafiles.chinhphu.vn/cpp/files/vbpq/2025/9/135-vbhn-vpqh.pdf,Chương XXII,Các tội xâm phạm trật tự quản lý hành chính,Trích tự động từ tiêu đề điều luật bắt đầu bằng “Tội ...”; cần rà soát khi cập nhật VBHN mới.
HS_D353,Hình sự,Tội danh,353,,Tội tham ô tài sản,Điều 353 Bộ luật Hình sự (VBHN 135/VBHN-VPQH năm 2025),Bộ luật Hình sự - VBHN 135/VBHN-VPQH năm 2025,https://datafiles.chinhphu.vn/cpp/files/vbpq/2025/9/135-vbhn-vpqh.pdf,Chương XXIII,Các tội phạm về chức vụ,Trích tự động từ tiêu đề điều luật bắt đầu bằng “Tội ...”; cần rà soát khi cập nhật VBHN mới.
HS_D354,Hình sự,Tội danh,354,,Tội nhận hối lộ,Điều 354 Bộ luật Hình sự (VBHN 135/VBHN-VPQH năm 2025),Bộ luật Hình sự - VBHN 135/VBHN-VPQH năm 2025,https://datafiles.chinhphu.vn/cpp/files/vbpq/2025/9/135-vbhn-vpqh.pdf,Chương XXIII,Các tội phạm về chức vụ,Trích tự động từ tiêu đề điều luật bắt đầu bằng “Tội ...”; cần rà soát khi cập nhật VBHN mới.
HS_D355,Hình sự,Tội danh,355,,"Tội lạm dụng chức vụ, quyền hạn chiếm đoạt tài sản",Điều 355 Bộ luật Hình sự (VBHN 135/VBHN-VPQH năm 2025),Bộ luật Hình sự - VBHN 135/VBHN-VPQH năm 2025,https://datafiles.chinhphu.vn/cpp/files/vbpq/2025/9/135-vbhn-vpqh.pdf,Chương XXIII,Các tội phạm về chức vụ,Trích tự động từ tiêu đề điều luật bắt đầu bằng “Tội ...”; cần rà soát khi cập nhật VBHN mới.
HS_D356,Hình sự,Tội danh,356,,"Tội lợi dụng chức vụ, quyền hạn trong khi thi hành công vụ",Điều 356 Bộ luật Hình sự (VBHN 135/VBHN-VPQH năm 2025),Bộ luật Hình sự - VBHN 135/VBHN-VPQH năm 2025,https://datafiles.chinhphu.vn/cpp/files/vbpq/2025/9/135-vbhn-vpqh.pdf,Chương XXIII,Các tội phạm về chức vụ,Trích tự động từ tiêu đề điều luật bắt đầu bằng “Tội ...”; cần rà soát khi cập nhật VBHN mới.
HS_D357,Hình sự,Tội danh,357,,Tội lạm quyền trong khi thi hành công vụ,Điều 357 Bộ luật Hình sự (VBHN 135/VBHN-VPQH năm 2025),Bộ luật Hình sự - VBHN 135/VBHN-VPQH năm 2025,https://datafiles.chinhphu.vn/cpp/files/vbpq/2025/9/135-vbhn-vpqh.pdf,Chương XXIII,Các tội phạm về chức vụ,Trích tự động từ tiêu đề điều luật bắt đầu bằng “Tội ...”; cần rà soát khi cập nhật VBHN mới.
HS_D358,Hình sự,Tội danh,358,,"Tội lợi dụng chức vụ, quyền hạn gây ảnh hưởng đối với người khác để trục lợi",Điều 358 Bộ luật Hình sự (VBHN 135/VBHN-VPQH năm 2025),Bộ luật Hình sự - VBHN 135/VBHN-VPQH năm 2025,https://datafiles.chinhphu.vn/cpp/files/vbpq/2025/9/135-vbhn-vpqh.pdf,Chương XXIII,Các tội phạm về chức vụ,Trích tự động từ tiêu đề điều luật bắt đầu bằng “Tội ...”; cần rà soát khi cập nhật VBHN mới.
HS_D359,Hình sự,Tội danh,359,,Tội giả mạo trong công tác,Điều 359 Bộ luật Hình sự (VBHN 135/VBHN-VPQH năm 2025),Bộ luật Hình sự - VBHN 135/VBHN-VPQH năm 2025,https://datafiles.chinhphu.vn/cpp/files/vbpq/2025/9/135-vbhn-vpqh.pdf,Chương XXIII,Các tội phạm về chức vụ,Trích tự động từ tiêu đề điều luật bắt đầu bằng “Tội ...”; cần rà soát khi cập nhật VBHN mới.
HS_D360,Hình sự,Tội danh,360,,Tội thiếu trách nhiệm gây hậu quả nghiêm trọng,Điều 360 Bộ luật Hình sự (VBHN 135/VBHN-VPQH năm 2025),Bộ luật Hình sự - VBHN 135/VBHN-VPQH năm 2025,https://datafiles.chinhphu.vn/cpp/files/vbpq/2025/9/135-vbhn-vpqh.pdf,Chương XXIII,Các tội phạm về chức vụ,Trích tự động từ tiêu đề điều luật bắt đầu bằng “Tội ...”; cần rà soát khi cập nhật VBHN mới.
HS_D361,Hình sự,Tội danh,361,,"Tội cố ý làm lộ bí mật công tác; tội chiếm đoạt, mua bán hoặc tiêu hủy tài liệu bí mật công tác",Điều 361 Bộ luật Hình sự (VBHN 135/VBHN-VPQH năm 2025),Bộ luật Hình sự - VBHN 135/VBHN-VPQH năm 2025,https://datafiles.chinhphu.vn/cpp/files/vbpq/2025/9/135-vbhn-vpqh.pdf,Chương XXIII,Các tội phạm về chức vụ,Trích tự động từ tiêu đề điều luật bắt đầu bằng “Tội ...”; cần rà soát khi cập nhật VBHN mới.
HS_D362,Hình sự,Tội danh,362,,Tội vô ý làm lộ bí mật công tác; tội làm mất tài liệu bí mật công tác,Điều 362 Bộ luật Hình sự (VBHN 135/VBHN-VPQH năm 2025),Bộ luật Hình sự - VBHN 135/VBHN-VPQH năm 2025,https://datafiles.chinhphu.vn/cpp/files/vbpq/2025/9/135-vbhn-vpqh.pdf,Chương XXIII,Các tội phạm về chức vụ,Trích tự động từ tiêu đề điều luật bắt đầu bằng “Tội ...”; cần rà soát khi cập nhật VBHN mới.
HS_D363,Hình sự,Tội danh,363,,Tội đào nhiệm,Điều 363 Bộ luật Hình sự (VBHN 135/VBHN-VPQH năm 2025),Bộ luật Hình sự - VBHN 135/VBHN-VPQH năm 2025,https://datafiles.chinhphu.vn/cpp/files/vbpq/2025/9/135-vbhn-vpqh.pdf,Chương XXIII,Các tội phạm về chức vụ,Trích tự động từ tiêu đề điều luật bắt đầu bằng “Tội ...”; cần rà soát khi cập nhật VBHN mới.
HS_D364,Hình sự,Tội danh,364,,Tội đưa hối lộ,Điều 364 Bộ luật Hình sự (VBHN 135/VBHN-VPQH năm 2025),Bộ luật Hình sự - VBHN 135/VBHN-VPQH năm 2025,https://datafiles.chinhphu.vn/cpp/files/vbpq/2025/9/135-vbhn-vpqh.pdf,Chương XXIII,Các tội phạm về chức vụ,Trích tự động từ tiêu đề điều luật bắt đầu bằng “Tội ...”; cần rà soát khi cập nhật VBHN mới.
HS_D365,Hình sự,Tội danh,365,,Tội môi giới hối lộ,Điều 365 Bộ luật Hình sự (VBHN 135/VBHN-VPQH năm 2025),Bộ luật Hình sự - VBHN 135/VBHN-VPQH năm 2025,https://datafiles.chinhphu.vn/cpp/files/vbpq/2025/9/135-vbhn-vpqh.pdf,Chương XXIII,Các tội phạm về chức vụ,Trích tự động từ tiêu đề điều luật bắt đầu bằng “Tội ...”; cần rà soát khi cập nhật VBHN mới.
HS_D366,Hình sự,Tội danh,366,,"Tội lợi dụng ảnh hưởng đối với người có chức vụ, quyền hạn để trục lợi",Điều 366 Bộ luật Hình sự (VBHN 135/VBHN-VPQH năm 2025),Bộ luật Hình sự - VBHN 135/VBHN-VPQH năm 2025,https://datafiles.chinhphu.vn/cpp/files/vbpq/2025/9/135-vbhn-vpqh.pdf,Chương XXIII,Các tội phạm về chức vụ,Trích tự động từ tiêu đề điều luật bắt đầu bằng “Tội ...”; cần rà soát khi cập nhật VBHN mới.
HS_D368,Hình sự,Tội danh,368,,Tội truy cứu trách nhiệm hình sự người không có tội,Điều 368 Bộ luật Hình sự (VBHN 135/VBHN-VPQH năm 2025),Bộ luật Hình sự - VBHN 135/VBHN-VPQH năm 2025,https://datafiles.chinhphu.vn/cpp/files/vbpq/2025/9/135-vbhn-vpqh.pdf,Chương XXIV,Các tội xâm phạm hoạt động tư pháp,Trích tự động từ tiêu đề điều luật bắt đầu bằng “Tội ...”; cần rà soát khi cập nhật VBHN mới.
HS_D369,Hình sự,Tội danh,369,,Tội không truy cứu trách nhiệm hình sự người có tội,Điều 369 Bộ luật Hình sự (VBHN 135/VBHN-VPQH năm 2025),Bộ luật Hình sự - VBHN 135/VBHN-VPQH năm 2025,https://datafiles.chinhphu.vn/cpp/files/vbpq/2025/9/135-vbhn-vpqh.pdf,Chương XXIV,Các tội xâm phạm hoạt động tư pháp,Trích tự động từ tiêu đề điều luật bắt đầu bằng “Tội ...”; cần rà soát khi cập nhật VBHN mới.
HS_D370,Hình sự,Tội danh,370,,Tội ra bản án trái pháp luật,Điều 370 Bộ luật Hình sự (VBHN 135/VBHN-VPQH năm 2025),Bộ luật Hình sự - VBHN 135/VBHN-VPQH năm 2025,https://datafiles.chinhphu.vn/cpp/files/vbpq/2025/9/135-vbhn-vpqh.pdf,Chương XXIV,Các tội xâm phạm hoạt động tư pháp,Trích tự động từ tiêu đề điều luật bắt đầu bằng “Tội ...”; cần rà soát khi cập nhật VBHN mới.
HS_D371,Hình sự,Tội danh,371,,Tội ra quyết định trái pháp luật,Điều 371 Bộ luật Hình sự (VBHN 135/VBHN-VPQH năm 2025),Bộ luật Hình sự - VBHN 135/VBHN-VPQH năm 2025,https://datafiles.chinhphu.vn/cpp/files/vbpq/2025/9/135-vbhn-vpqh.pdf,Chương XXIV,Các tội xâm phạm hoạt động tư pháp,Trích tự động từ tiêu đề điều luật bắt đầu bằng “Tội ...”; cần rà soát khi cập nhật VBHN mới.
HS_D372,Hình sự,Tội danh,372,,Tội ép buộc người có thẩm quyền trong hoạt động tư pháp làm trái pháp luật,Điều 372 Bộ luật Hình sự (VBHN 135/VBHN-VPQH năm 2025),Bộ luật Hình sự - VBHN 135/VBHN-VPQH năm 2025,https://datafiles.chinhphu.vn/cpp/files/vbpq/2025/9/135-vbhn-vpqh.pdf,Chương XXIV,Các tội xâm phạm hoạt động tư pháp,Trích tự động từ tiêu đề điều luật bắt đầu bằng “Tội ...”; cần rà soát khi cập nhật VBHN mới.
HS_D373,Hình sự,Tội danh,373,,Tội dùng nhục hình,Điều 373 Bộ luật Hình sự (VBHN 135/VBHN-VPQH năm 2025),Bộ luật Hình sự - VBHN 135/VBHN-VPQH năm 2025,https://datafiles.chinhphu.vn/cpp/files/vbpq/2025/9/135-vbhn-vpqh.pdf,Chương XXIV,Các tội xâm phạm hoạt động tư pháp,Trích tự động từ tiêu đề điều luật bắt đầu bằng “Tội ...”; cần rà soát khi cập nhật VBHN mới.
HS_D374,Hình sự,Tội danh,374,,Tội bức cung,Điều 374 Bộ luật Hình sự (VBHN 135/VBHN-VPQH năm 2025),Bộ luật Hình sự - VBHN 135/VBHN-VPQH năm 2025,https://datafiles.chinhphu.vn/cpp/files/vbpq/2025/9/135-vbhn-vpqh.pdf,Chương XXIV,Các tội xâm phạm hoạt động tư pháp,Trích tự động từ tiêu đề điều luật bắt đầu bằng “Tội ...”; cần rà soát khi cập nhật VBHN mới.
HS_D375,Hình sự,Tội danh,375,,"Tội làm sai lệch hồ sơ vụ án, vụ việc",Điều 375 Bộ luật Hình sự (VBHN 135/VBHN-VPQH năm 2025),Bộ luật Hình sự - VBHN 135/VBHN-VPQH năm 2025,https://datafiles.chinhphu.vn/cpp/files/vbpq/2025/9/135-vbhn-vpqh.pdf,Chương XXIV,Các tội xâm phạm hoạt động tư pháp,Trích tự động từ tiêu đề điều luật bắt đầu bằng “Tội ...”; cần rà soát khi cập nhật VBHN mới.
HS_D376,Hình sự,Tội danh,376,,"Tội thiếu trách nhiệm để người bị bắt, người bị tạm giữ, tạm giam, người đang chấp hành án phạt tù trốn",Điều 376 Bộ luật Hình sự (VBHN 135/VBHN-VPQH năm 2025),Bộ luật Hình sự - VBHN 135/VBHN-VPQH năm 2025,https://datafiles.chinhphu.vn/cpp/files/vbpq/2025/9/135-vbhn-vpqh.pdf,Chương XXIV,Các tội xâm phạm hoạt động tư pháp,Trích tự động từ tiêu đề điều luật bắt đầu bằng “Tội ...”; cần rà soát khi cập nhật VBHN mới.
HS_D377,Hình sự,Tội danh,377,,"Tội lợi dụng chức vụ, quyền hạn bắt, giữ, giam người trái pháp luật",Điều 377 Bộ luật Hình sự (VBHN 135/VBHN-VPQH năm 2025),Bộ luật Hình sự - VBHN 135/VBHN-VPQH năm 2025,https://datafiles.chinhphu.vn/cpp/files/vbpq/2025/9/135-vbhn-vpqh.pdf,Chương XXIV,Các tội xâm phạm hoạt động tư pháp,Trích tự động từ tiêu đề điều luật bắt đầu bằng “Tội ...”; cần rà soát khi cập nhật VBHN mới.
HS_D378,Hình sự,Tội danh,378,,"Tội tha trái pháp luật người bị bắt, người đang bị tạm giữ, tạm giam, người đang chấp hành án phạt tù",Điều 378 Bộ luật Hình sự (VBHN 135/VBHN-VPQH năm 2025),Bộ luật Hình sự - VBHN 135/VBHN-VPQH năm 2025,https://datafiles.chinhphu.vn/cpp/files/vbpq/2025/9/135-vbhn-vpqh.pdf,Chương XXIV,Các tội xâm phạm hoạt động tư pháp,Trích tự động từ tiêu đề điều luật bắt đầu bằng “Tội ...”; cần rà soát khi cập nhật VBHN mới.
HS_D379,Hình sự,Tội danh,379,,Tội không thi hành án,Điều 379 Bộ luật Hình sự (VBHN 135/VBHN-VPQH năm 2025),Bộ luật Hình sự - VBHN 135/VBHN-VPQH năm 2025,https://datafiles.chinhphu.vn/cpp/files/vbpq/2025/9/135-vbhn-vpqh.pdf,Chương XXIV,Các tội xâm phạm hoạt động tư pháp,Trích tự động từ tiêu đề điều luật bắt đầu bằng “Tội ...”; cần rà soát khi cập nhật VBHN mới.
HS_D380,Hình sự,Tội danh,380,,Tội không chấp hành án,Điều 380 Bộ luật Hình sự (VBHN 135/VBHN-VPQH năm 2025),Bộ luật Hình sự - VBHN 135/VBHN-VPQH năm 2025,https://datafiles.chinhphu.vn/cpp/files/vbpq/2025/9/135-vbhn-vpqh.pdf,Chương XXIV,Các tội xâm phạm hoạt động tư pháp,Trích tự động từ tiêu đề điều luật bắt đầu bằng “Tội ...”; cần rà soát khi cập nhật VBHN mới.
HS_D381,Hình sự,Tội danh,381,,Tội cản trở việc thi hành án,Điều 381 Bộ luật Hình sự (VBHN 135/VBHN-VPQH năm 2025),Bộ luật Hình sự - VBHN 135/VBHN-VPQH năm 2025,https://datafiles.chinhphu.vn/cpp/files/vbpq/2025/9/135-vbhn-vpqh.pdf,Chương XXIV,Các tội xâm phạm hoạt động tư pháp,Trích tự động từ tiêu đề điều luật bắt đầu bằng “Tội ...”; cần rà soát khi cập nhật VBHN mới.
HS_D382,Hình sự,Tội danh,382,,Tội cung cấp tài liệu sai sự thật hoặc khai báo gian dối,Điều 382 Bộ luật Hình sự (VBHN 135/VBHN-VPQH năm 2025),Bộ luật Hình sự - VBHN 135/VBHN-VPQH năm 2025,https://datafiles.chinhphu.vn/cpp/files/vbpq/2025/9/135-vbhn-vpqh.pdf,Chương XXIV,Các tội xâm phạm hoạt động tư pháp,Trích tự động từ tiêu đề điều luật bắt đầu bằng “Tội ...”; cần rà soát khi cập nhật VBHN mới.
HS_D383,Hình sự,Tội danh,383,,"Tội từ chối khai báo, từ chối kết luận giám định, định giá tài sản hoặc từ chối cung cấp tài liệu",Điều 383 Bộ luật Hình sự (VBHN 135/VBHN-VPQH năm 2025),Bộ luật Hình sự - VBHN 135/VBHN-VPQH năm 2025,https://datafiles.chinhphu.vn/cpp/files/vbpq/2025/9/135-vbhn-vpqh.pdf,Chương XXIV,Các tội xâm phạm hoạt động tư pháp,Trích tự động từ tiêu đề điều luật bắt đầu bằng “Tội ...”; cần rà soát khi cập nhật VBHN mới.
HS_D384,Hình sự,Tội danh,384,,"Tội mua chuộc hoặc cưỡng ép người khác trong việc khai báo, cung cấp tài liệu",Điều 384 Bộ luật Hình sự (VBHN 135/VBHN-VPQH năm 2025),Bộ luật Hình sự - VBHN 135/VBHN-VPQH năm 2025,https://datafiles.chinhphu.vn/cpp/files/vbpq/2025/9/135-vbhn-vpqh.pdf,Chương XXIV,Các tội xâm phạm hoạt động tư pháp,Trích tự động từ tiêu đề điều luật bắt đầu bằng “Tội ...”; cần rà soát khi cập nhật VBHN mới.
HS_D385,Hình sự,Tội danh,385,,"Tội vi phạm việc niêm phong, kê biên tài sản, phong tỏa tài khoản",Điều 385 Bộ luật Hình sự (VBHN 135/VBHN-VPQH năm 2025),Bộ luật Hình sự - VBHN 135/VBHN-VPQH năm 2025,https://datafiles.chinhphu.vn/cpp/files/vbpq/2025/9/135-vbhn-vpqh.pdf,Chương XXIV,Các tội xâm phạm hoạt động tư pháp,Trích tự động từ tiêu đề điều luật bắt đầu bằng “Tội ...”; cần rà soát khi cập nhật VBHN mới.
HS_D386,Hình sự,Tội danh,386,,"Tội trốn khỏi nơi giam, giữ hoặc trốn khi đang bị áp giải, đang bị xét xử",Điều 386 Bộ luật Hình sự (VBHN 135/VBHN-VPQH năm 2025),Bộ luật Hình sự - VBHN 135/VBHN-VPQH năm 2025,https://datafiles.chinhphu.vn/cpp/files/vbpq/2025/9/135-vbhn-vpqh.pdf,Chương XXIV,Các tội xâm phạm hoạt động tư pháp,Trích tự động từ tiêu đề điều luật bắt đầu bằng “Tội ...”; cần rà soát khi cập nhật VBHN mới.
HS_D387,Hình sự,Tội danh,387,,"Tội đánh tháo người bị bắt, bị tạm giữ, tạm giam, người đang bị áp giải, xét xử, chấp hành án phạt tù",Điều 387 Bộ luật Hình sự (VBHN 135/VBHN-VPQH năm 2025),Bộ luật Hình sự - VBHN 135/VBHN-VPQH năm 2025,https://datafiles.chinhphu.vn/cpp/files/vbpq/2025/9/135-vbhn-vpqh.pdf,Chương XXIV,Các tội xâm phạm hoạt động tư pháp,Trích tự động từ tiêu đề điều luật bắt đầu bằng “Tội ...”; cần rà soát khi cập nhật VBHN mới.
HS_D388,Hình sự,Tội danh,388,,Tội vi phạm quy định về giam giữ,Điều 388 Bộ luật Hình sự (VBHN 135/VBHN-VPQH năm 2025),Bộ luật Hình sự - VBHN 135/VBHN-VPQH năm 2025,https://datafiles.chinhphu.vn/cpp/files/vbpq/2025/9/135-vbhn-vpqh.pdf,Chương XXIV,Các tội xâm phạm hoạt động tư pháp,Trích tự động từ tiêu đề điều luật bắt đầu bằng “Tội ...”; cần rà soát khi cập nhật VBHN mới.
HS_D389,Hình sự,Tội danh,389,,Tội che giấu tội phạm,Điều 389 Bộ luật Hình sự (VBHN 135/VBHN-VPQH năm 2025),Bộ luật Hình sự - VBHN 135/VBHN-VPQH năm 2025,https://datafiles.chinhphu.vn/cpp/files/vbpq/2025/9/135-vbhn-vpqh.pdf,Chương XXIV,Các tội xâm phạm hoạt động tư pháp,Trích tự động từ tiêu đề điều luật bắt đầu bằng “Tội ...”; cần rà soát khi cập nhật VBHN mới.
HS_D390,Hình sự,Tội danh,390,,Tội không tố giác tội phạm,Điều 390 Bộ luật Hình sự (VBHN 135/VBHN-VPQH năm 2025),Bộ luật Hình sự - VBHN 135/VBHN-VPQH năm 2025,https://datafiles.chinhphu.vn/cpp/files/vbpq/2025/9/135-vbhn-vpqh.pdf,Chương XXIV,Các tội xâm phạm hoạt động tư pháp,Trích tự động từ tiêu đề điều luật bắt đầu bằng “Tội ...”; cần rà soát khi cập nhật VBHN mới.
HS_D391,Hình sự,Tội danh,391,,"Tội gây rối trật tự phiên tòa, phiên họp",Điều 391 Bộ luật Hình sự (VBHN 135/VBHN-VPQH năm 2025),Bộ luật Hình sự - VBHN 135/VBHN-VPQH năm 2025,https://datafiles.chinhphu.vn/cpp/files/vbpq/2025/9/135-vbhn-vpqh.pdf,Chương XXIV,Các tội xâm phạm hoạt động tư pháp,Trích tự động từ tiêu đề điều luật bắt đầu bằng “Tội ...”; cần rà soát khi cập nhật VBHN mới.
HS_D393,Hình sự,Tội danh,393,,Tội ra mệnh lệnh trái pháp luật,Điều 393 Bộ luật Hình sự (VBHN 135/VBHN-VPQH năm 2025),Bộ luật Hình sự - VBHN 135/VBHN-VPQH năm 2025,https://datafiles.chinhphu.vn/cpp/files/vbpq/2025/9/135-vbhn-vpqh.pdf,Chương XXV,"Các tội xâm phạm nghĩa vụ, trách nhiệm của quân nhân và trách nhiệm của người phối thuộc với quân đội trong chiến đấu, phục vụ chiến đấu",Trích tự động từ tiêu đề điều luật bắt đầu bằng “Tội ...”; cần rà soát khi cập nhật VBHN mới.
HS_D394,Hình sự,Tội danh,394,,Tội chống mệnh lệnh,Điều 394 Bộ luật Hình sự (VBHN 135/VBHN-VPQH năm 2025),Bộ luật Hình sự - VBHN 135/VBHN-VPQH năm 2025,https://datafiles.chinhphu.vn/cpp/files/vbpq/2025/9/135-vbhn-vpqh.pdf,Chương XXV,"Các tội xâm phạm nghĩa vụ, trách nhiệm của quân nhân và trách nhiệm của người phối thuộc với quân đội trong chiến đấu, phục vụ chiến đấu",Trích tự động từ tiêu đề điều luật bắt đầu bằng “Tội ...”; cần rà soát khi cập nhật VBHN mới.
HS_D395,Hình sự,Tội danh,395,,Tội chấp hành không nghiêm chỉnh mệnh lệnh,Điều 395 Bộ luật Hình sự (VBHN 135/VBHN-VPQH năm 2025),Bộ luật Hình sự - VBHN 135/VBHN-VPQH năm 2025,https://datafiles.chinhphu.vn/cpp/files/vbpq/2025/9/135-vbhn-vpqh.pdf,Chương XXV,"Các tội xâm phạm nghĩa vụ, trách nhiệm của quân nhân và trách nhiệm của người phối thuộc với quân đội trong chiến đấu, phục vụ chiến đấu",Trích tự động từ tiêu đề điều luật bắt đầu bằng “Tội ...”; cần rà soát khi cập nhật VBHN mới.
HS_D396,Hình sự,Tội danh,396,,Tội cản trở đồng đội thực hiện nhiệm vụ,Điều 396 Bộ luật Hình sự (VBHN 135/VBHN-VPQH năm 2025),Bộ luật Hình sự - VBHN 135/VBHN-VPQH năm 2025,https://datafiles.chinhphu.vn/cpp/files/vbpq/2025/9/135-vbhn-vpqh.pdf,Chương XXV,"Các tội xâm phạm nghĩa vụ, trách nhiệm của quân nhân và trách nhiệm của người phối thuộc với quân đội trong chiến đấu, phục vụ chiến đấu",Trích tự động từ tiêu đề điều luật bắt đầu bằng “Tội ...”; cần rà soát khi cập nhật VBHN mới.
HS_D397,Hình sự,Tội danh,397,,Tội làm nhục đồng đội,Điều 397 Bộ luật Hình sự (VBHN 135/VBHN-VPQH năm 2025),Bộ luật Hình sự - VBHN 135/VBHN-VPQH năm 2025,https://datafiles.chinhphu.vn/cpp/files/vbpq/2025/9/135-vbhn-vpqh.pdf,Chương XXV,"Các tội xâm phạm nghĩa vụ, trách nhiệm của quân nhân và trách nhiệm của người phối thuộc với quân đội trong chiến đấu, phục vụ chiến đấu",Trích tự động từ tiêu đề điều luật bắt đầu bằng “Tội ...”; cần rà soát khi cập nhật VBHN mới.
HS_D398,Hình sự,Tội danh,398,,Tội hành hung đồng đội,Điều 398 Bộ luật Hình sự (VBHN 135/VBHN-VPQH năm 2025),Bộ luật Hình sự - VBHN 135/VBHN-VPQH năm 2025,https://datafiles.chinhphu.vn/cpp/files/vbpq/2025/9/135-vbhn-vpqh.pdf,Chương XXV,"Các tội xâm phạm nghĩa vụ, trách nhiệm của quân nhân và trách nhiệm của người phối thuộc với quân đội trong chiến đấu, phục vụ chiến đấu",Trích tự động từ tiêu đề điều luật bắt đầu bằng “Tội ...”; cần rà soát khi cập nhật VBHN mới.
HS_D399,Hình sự,Tội danh,399,,Tội đầu hàng địch,Điều 399 Bộ luật Hình sự (VBHN 135/VBHN-VPQH năm 2025),Bộ luật Hình sự - VBHN 135/VBHN-VPQH năm 2025,https://datafiles.chinhphu.vn/cpp/files/vbpq/2025/9/135-vbhn-vpqh.pdf,Chương XXV,"Các tội xâm phạm nghĩa vụ, trách nhiệm của quân nhân và trách nhiệm của người phối thuộc với quân đội trong chiến đấu, phục vụ chiến đấu",Trích tự động từ tiêu đề điều luật bắt đầu bằng “Tội ...”; cần rà soát khi cập nhật VBHN mới.
HS_D400,Hình sự,Tội danh,400,,Tội khai báo hoặc tự nguyện làm việc cho địch khi bị bắt làm tù binh,Điều 400 Bộ luật Hình sự (VBHN 135/VBHN-VPQH năm 2025),Bộ luật Hình sự - VBHN 135/VBHN-VPQH năm 2025,https://datafiles.chinhphu.vn/cpp/files/vbpq/2025/9/135-vbhn-vpqh.pdf,Chương XXV,"Các tội xâm phạm nghĩa vụ, trách nhiệm của quân nhân và trách nhiệm của người phối thuộc với quân đội trong chiến đấu, phục vụ chiến đấu",Trích tự động từ tiêu đề điều luật bắt đầu bằng “Tội ...”; cần rà soát khi cập nhật VBHN mới.
HS_D401,Hình sự,Tội danh,401,,Tội bỏ vị trí chiến đấu hoặc không làm nhiệm vụ trong chiến đấu,Điều 401 Bộ luật Hình sự (VBHN 135/VBHN-VPQH năm 2025),Bộ luật Hình sự - VBHN 135/VBHN-VPQH năm 2025,https://datafiles.chinhphu.vn/cpp/files/vbpq/2025/9/135-vbhn-vpqh.pdf,Chương XXV,"Các tội xâm phạm nghĩa vụ, trách nhiệm của quân nhân và trách nhiệm của người phối thuộc với quân đội trong chiến đấu, phục vụ chiến đấu",Trích tự động từ tiêu đề điều luật bắt đầu bằng “Tội ...”; cần rà soát khi cập nhật VBHN mới.
HS_D402,Hình sự,Tội danh,402,,Tội đào ngũ,Điều 402 Bộ luật Hình sự (VBHN 135/VBHN-VPQH năm 2025),Bộ luật Hình sự - VBHN 135/VBHN-VPQH năm 2025,https://datafiles.chinhphu.vn/cpp/files/vbpq/2025/9/135-vbhn-vpqh.pdf,Chương XXV,"Các tội xâm phạm nghĩa vụ, trách nhiệm của quân nhân và trách nhiệm của người phối thuộc với quân đội trong chiến đấu, phục vụ chiến đấu",Trích tự động từ tiêu đề điều luật bắt đầu bằng “Tội ...”; cần rà soát khi cập nhật VBHN mới.
HS_D403,Hình sự,Tội danh,403,,Tội trốn tránh nhiệm vụ,Điều 403 Bộ luật Hình sự (VBHN 135/VBHN-VPQH năm 2025),Bộ luật Hình sự - VBHN 135/VBHN-VPQH năm 2025,https://datafiles.chinhphu.vn/cpp/files/vbpq/2025/9/135-vbhn-vpqh.pdf,Chương XXV,"Các tội xâm phạm nghĩa vụ, trách nhiệm của quân nhân và trách nhiệm của người phối thuộc với quân đội trong chiến đấu, phục vụ chiến đấu",Trích tự động từ tiêu đề điều luật bắt đầu bằng “Tội ...”; cần rà soát khi cập nhật VBHN mới.
HS_D404,Hình sự,Tội danh,404,,Tội cố ý làm lộ bí mật công tác quân sự,Điều 404 Bộ luật Hình sự (VBHN 135/VBHN-VPQH năm 2025),Bộ luật Hình sự - VBHN 135/VBHN-VPQH năm 2025,https://datafiles.chinhphu.vn/cpp/files/vbpq/2025/9/135-vbhn-vpqh.pdf,Chương XXV,"Các tội xâm phạm nghĩa vụ, trách nhiệm của quân nhân và trách nhiệm của người phối thuộc với quân đội trong chiến đấu, phục vụ chiến đấu",Trích tự động từ tiêu đề điều luật bắt đầu bằng “Tội ...”; cần rà soát khi cập nhật VBHN mới.
HS_D405,Hình sự,Tội danh,405,,"Tội chiếm đoạt, mua bán hoặc tiêu hủy tài liệu bí mật công tác quân sự",Điều 405 Bộ luật Hình sự (VBHN 135/VBHN-VPQH năm 2025),Bộ luật Hình sự - VBHN 135/VBHN-VPQH năm 2025,https://datafiles.chinhphu.vn/cpp/files/vbpq/2025/9/135-vbhn-vpqh.pdf,Chương XXV,"Các tội xâm phạm nghĩa vụ, trách nhiệm của quân nhân và trách nhiệm của người phối thuộc với quân đội trong chiến đấu, phục vụ chiến đấu",Trích tự động từ tiêu đề điều luật bắt đầu bằng “Tội ...”; cần rà soát khi cập nhật VBHN mới.
HS_D406,Hình sự,Tội danh,406,,Tội vô ý làm lộ bí mật công tác quân sự,Điều 406 Bộ luật Hình sự (VBHN 135/VBHN-VPQH năm 2025),Bộ luật Hình sự - VBHN 135/VBHN-VPQH năm 2025,https://datafiles.chinhphu.vn/cpp/files/vbpq/2025/9/135-vbhn-vpqh.pdf,Chương XXV,"Các tội xâm phạm nghĩa vụ, trách nhiệm của quân nhân và trách nhiệm của người phối thuộc với quân đội trong chiến đấu, phục vụ chiến đấu",Trích tự động từ tiêu đề điều luật bắt đầu bằng “Tội ...”; cần rà soát khi cập nhật VBHN mới.
HS_D407,Hình sự,Tội danh,407,,Tội làm mất tài liệu bí mật công tác quân sự,Điều 407 Bộ luật Hình sự (VBHN 135/VBHN-VPQH năm 2025),Bộ luật Hình sự - VBHN 135/VBHN-VPQH năm 2025,https://datafiles.chinhphu.vn/cpp/files/vbpq/2025/9/135-vbhn-vpqh.pdf,Chương XXV,"Các tội xâm phạm nghĩa vụ, trách nhiệm của quân nhân và trách nhiệm của người phối thuộc với quân đội trong chiến đấu, phục vụ chiến đấu",Trích tự động từ tiêu đề điều luật bắt đầu bằng “Tội ...”; cần rà soát khi cập nhật VBHN mới.
HS_D408,Hình sự,Tội danh,408,,Tội báo cáo sai,Điều 408 Bộ luật Hình sự (VBHN 135/VBHN-VPQH năm 2025),Bộ luật Hình sự - VBHN 135/VBHN-VPQH năm 2025,https://datafiles.chinhphu.vn/cpp/files/vbpq/2025/9/135-vbhn-vpqh.pdf,Chương XXV,"Các tội xâm phạm nghĩa vụ, trách nhiệm của quân nhân và trách nhiệm của người phối thuộc với quân đội trong chiến đấu, phục vụ chiến đấu",Trích tự động từ tiêu đề điều luật bắt đầu bằng “Tội ...”; cần rà soát khi cập nhật VBHN mới.
HS_D409,Hình sự,Tội danh,409,,"Tội vi phạm quy định về trực ban, trực chiến, trực chỉ huy",Điều 409 Bộ luật Hình sự (VBHN 135/VBHN-VPQH năm 2025),Bộ luật Hình sự - VBHN 135/VBHN-VPQH năm 2025,https://datafiles.chinhphu.vn/cpp/files/vbpq/2025/9/135-vbhn-vpqh.pdf,Chương XXV,"Các tội xâm phạm nghĩa vụ, trách nhiệm của quân nhân và trách nhiệm của người phối thuộc với quân đội trong chiến đấu, phục vụ chiến đấu",Trích tự động từ tiêu đề điều luật bắt đầu bằng “Tội ...”; cần rà soát khi cập nhật VBHN mới.
HS_D410,Hình sự,Tội danh,410,,Tội vi phạm quy định về bảo vệ,Điều 410 Bộ luật Hình sự (VBHN 135/VBHN-VPQH năm 2025),Bộ luật Hình sự - VBHN 135/VBHN-VPQH năm 2025,https://datafiles.chinhphu.vn/cpp/files/vbpq/2025/9/135-vbhn-vpqh.pdf,Chương XXV,"Các tội xâm phạm nghĩa vụ, trách nhiệm của quân nhân và trách nhiệm của người phối thuộc với quân đội trong chiến đấu, phục vụ chiến đấu",Trích tự động từ tiêu đề điều luật bắt đầu bằng “Tội ...”; cần rà soát khi cập nhật VBHN mới.
HS_D411,Hình sự,Tội danh,411,,Tội vi phạm các quy định về bảo đảm an toàn trong chiến đấu hoặc trong huấn luyện,Điều 411 Bộ luật Hình sự (VBHN 135/VBHN-VPQH năm 2025),Bộ luật Hình sự - VBHN 135/VBHN-VPQH năm 2025,https://datafiles.chinhphu.vn/cpp/files/vbpq/2025/9/135-vbhn-vpqh.pdf,Chương XXV,"Các tội xâm phạm nghĩa vụ, trách nhiệm của quân nhân và trách nhiệm của người phối thuộc với quân đội trong chiến đấu, phục vụ chiến đấu",Trích tự động từ tiêu đề điều luật bắt đầu bằng “Tội ...”; cần rà soát khi cập nhật VBHN mới.
HS_D412,Hình sự,Tội danh,412,,"Tội vi phạm quy định về sử dụng vũ khí quân dụng, trang bị kỹ thuật quân sự",Điều 412 Bộ luật Hình sự (VBHN 135/VBHN-VPQH năm 2025),Bộ luật Hình sự - VBHN 135/VBHN-VPQH năm 2025,https://datafiles.chinhphu.vn/cpp/files/vbpq/2025/9/135-vbhn-vpqh.pdf,Chương XXV,"Các tội xâm phạm nghĩa vụ, trách nhiệm của quân nhân và trách nhiệm của người phối thuộc với quân đội trong chiến đấu, phục vụ chiến đấu",Trích tự động từ tiêu đề điều luật bắt đầu bằng “Tội ...”; cần rà soát khi cập nhật VBHN mới.
HS_D413,Hình sự,Tội danh,413,,"Tội hủy hoại hoặc cố ý làm hư hỏng vũ khí quân dụng, trang bị kỹ thuật quân sự",Điều 413 Bộ luật Hình sự (VBHN 135/VBHN-VPQH năm 2025),Bộ luật Hình sự - VBHN 135/VBHN-VPQH năm 2025,https://datafiles.chinhphu.vn/cpp/files/vbpq/2025/9/135-vbhn-vpqh.pdf,Chương XXV,"Các tội xâm phạm nghĩa vụ, trách nhiệm của quân nhân và trách nhiệm của người phối thuộc với quân đội trong chiến đấu, phục vụ chiến đấu",Trích tự động từ tiêu đề điều luật bắt đầu bằng “Tội ...”; cần rà soát khi cập nhật VBHN mới.
HS_D414,Hình sự,Tội danh,414,,"Tội làm mất hoặc vô ý làm hư hỏng vũ khí quân dụng, phương tiện kỹ thuật quân sự",Điều 414 Bộ luật Hình sự (VBHN 135/VBHN-VPQH năm 2025),Bộ luật Hình sự - VBHN 135/VBHN-VPQH năm 2025,https://datafiles.chinhphu.vn/cpp/files/vbpq/2025/9/135-vbhn-vpqh.pdf,Chương XXV,"Các tội xâm phạm nghĩa vụ, trách nhiệm của quân nhân và trách nhiệm của người phối thuộc với quân đội trong chiến đấu, phục vụ chiến đấu",Trích tự động từ tiêu đề điều luật bắt đầu bằng “Tội ...”; cần rà soát khi cập nhật VBHN mới.
HS_D415,Hình sự,Tội danh,415,,Tội quấy nhiễu nhân dân,Điều 415 Bộ luật Hình sự (VBHN 135/VBHN-VPQH năm 2025),Bộ luật Hình sự - VBHN 135/VBHN-VPQH năm 2025,https://datafiles.chinhphu.vn/cpp/files/vbpq/2025/9/135-vbhn-vpqh.pdf,Chương XXV,"Các tội xâm phạm nghĩa vụ, trách nhiệm của quân nhân và trách nhiệm của người phối thuộc với quân đội trong chiến đấu, phục vụ chiến đấu",Trích tự động từ tiêu đề điều luật bắt đầu bằng “Tội ...”; cần rà soát khi cập nhật VBHN mới.
HS_D416,Hình sự,Tội danh,416,,Tội lạm dụng nhu cầu quân sự trong khi thực hiện nhiệm vụ,Điều 416 Bộ luật Hình sự (VBHN 135/VBHN-VPQH năm 2025),Bộ luật Hình sự - VBHN 135/VBHN-VPQH năm 2025,https://datafiles.chinhphu.vn/cpp/files/vbpq/2025/9/135-vbhn-vpqh.pdf,Chương XXV,"Các tội xâm phạm nghĩa vụ, trách nhiệm của quân nhân và trách nhiệm của người phối thuộc với quân đội trong chiến đấu, phục vụ chiến đấu",Trích tự động từ tiêu đề điều luật bắt đầu bằng “Tội ...”; cần rà soát khi cập nhật VBHN mới.
HS_D417,Hình sự,Tội danh,417,,"Tội cố ý bỏ thương binh, tử sĩ hoặc không chăm sóc, cứu chữa thương binh",Điều 417 Bộ luật Hình sự (VBHN 135/VBHN-VPQH năm 2025),Bộ luật Hình sự - VBHN 135/VBHN-VPQH năm 2025,https://datafiles.chinhphu.vn/cpp/files/vbpq/2025/9/135-vbhn-vpqh.pdf,Chương XXV,"Các tội xâm phạm nghĩa vụ, trách nhiệm của quân nhân và trách nhiệm của người phối thuộc với quân đội trong chiến đấu, phục vụ chiến đấu",Trích tự động từ tiêu đề điều luật bắt đầu bằng “Tội ...”; cần rà soát khi cập nhật VBHN mới.
HS_D418,Hình sự,Tội danh,418,,Tội chiếm đoạt hoặc hủy hoại di vật của tử sĩ,Điều 418 Bộ luật Hình sự (VBHN 135/VBHN-VPQH năm 2025),Bộ luật Hình sự - VBHN 135/VBHN-VPQH năm 2025,https://datafiles.chinhphu.vn/cpp/files/vbpq/2025/9/135-vbhn-vpqh.pdf,Chương XXV,"Các tội xâm phạm nghĩa vụ, trách nhiệm của quân nhân và trách nhiệm của người phối thuộc với quân đội trong chiến đấu, phục vụ chiến đấu",Trích tự động từ tiêu đề điều luật bắt đầu bằng “Tội ...”; cần rà soát khi cập nhật VBHN mới.
HS_D419,Hình sự,Tội danh,419,,Tội chiếm đoạt hoặc hủy hoại chiến lợi phẩm,Điều 419 Bộ luật Hình sự (VBHN 135/VBHN-VPQH năm 2025),Bộ luật Hình sự - VBHN 135/VBHN-VPQH năm 2025,https://datafiles.chinhphu.vn/cpp/files/vbpq/2025/9/135-vbhn-vpqh.pdf,Chương XXV,"Các tội xâm phạm nghĩa vụ, trách nhiệm của quân nhân và trách nhiệm của người phối thuộc với quân đội trong chiến đấu, phục vụ chiến đấu",Trích tự động từ tiêu đề điều luật bắt đầu bằng “Tội ...”; cần rà soát khi cập nhật VBHN mới.
HS_D420,Hình sự,Tội danh,420,,"Tội ngược đãi tù binh, hàng binh",Điều 420 Bộ luật Hình sự (VBHN 135/VBHN-VPQH năm 2025),Bộ luật Hình sự - VBHN 135/VBHN-VPQH năm 2025,https://datafiles.chinhphu.vn/cpp/files/vbpq/2025/9/135-vbhn-vpqh.pdf,Chương XXV,"Các tội xâm phạm nghĩa vụ, trách nhiệm của quân nhân và trách nhiệm của người phối thuộc với quân đội trong chiến đấu, phục vụ chiến đấu",Trích tự động từ tiêu đề điều luật bắt đầu bằng “Tội ...”; cần rà soát khi cập nhật VBHN mới.
HS_D421,Hình sự,Tội danh,421,,"Tội phá hoại hòa bình, gây chiến tranh xâm lược",Điều 421 Bộ luật Hình sự (VBHN 135/VBHN-VPQH năm 2025),Bộ luật Hình sự - VBHN 135/VBHN-VPQH năm 2025,https://datafiles.chinhphu.vn/cpp/files/vbpq/2025/9/135-vbhn-vpqh.pdf,Chương XXVI,"Các tội phá hoại hòa bình, chống loài người và tội phạm chiến tranh",Trích tự động từ tiêu đề điều luật bắt đầu bằng “Tội ...”; cần rà soát khi cập nhật VBHN mới.
HS_D422,Hình sự,Tội danh,422,,Tội chống loài người,Điều 422 Bộ luật Hình sự (VBHN 135/VBHN-VPQH năm 2025),Bộ luật Hình sự - VBHN 135/VBHN-VPQH năm 2025,https://datafiles.chinhphu.vn/cpp/files/vbpq/2025/9/135-vbhn-vpqh.pdf,Chương XXVI,"Các tội phá hoại hòa bình, chống loài người và tội phạm chiến tranh",Trích tự động từ tiêu đề điều luật bắt đầu bằng “Tội ...”; cần rà soát khi cập nhật VBHN mới.
HS_D423,Hình sự,Tội danh,423,,Tội phạm chiến tranh,Điều 423 Bộ luật Hình sự (VBHN 135/VBHN-VPQH năm 2025),Bộ luật Hình sự - VBHN 135/VBHN-VPQH năm 2025,https://datafiles.chinhphu.vn/cpp/files/vbpq/2025/9/135-vbhn-vpqh.pdf,Chương XXVI,"Các tội phá hoại hòa bình, chống loài người và tội phạm chiến tranh",Trích tự động từ tiêu đề điều luật bắt đầu bằng “Tội ...”; cần rà soát khi cập nhật VBHN mới.
HS_D424,Hình sự,Tội danh,424,,"Tội tuyển mộ, huấn luyện hoặc sử dụng lính đánh thuê",Điều 424 Bộ luật Hình sự (VBHN 135/VBHN-VPQH năm 2025),Bộ luật Hình sự - VBHN 135/VBHN-VPQH năm 2025,https://datafiles.chinhphu.vn/cpp/files/vbpq/2025/9/135-vbhn-vpqh.pdf,Chương XXVI,"Các tội phá hoại hòa bình, chống loài người và tội phạm chiến tranh",Trích tự động từ tiêu đề điều luật bắt đầu bằng “Tội ...”; cần rà soát khi cập nhật VBHN mới.
HS_D425,Hình sự,Tội danh,425,,Tội làm lính đánh thuê,Điều 425 Bộ luật Hình sự (VBHN 135/VBHN-VPQH năm 2025),Bộ luật Hình sự - VBHN 135/VBHN-VPQH năm 2025,https://datafiles.chinhphu.vn/cpp/files/vbpq/2025/9/135-vbhn-vpqh.pdf,Chương XXVI,"Các tội phá hoại hòa bình, chống loài người và tội phạm chiến tranh",Trích tự động từ tiêu đề điều luật bắt đầu bằng “Tội ...”; cần rà soát khi cập nhật VBHN mới.
DS_D26_1,Dân sự,Tranh chấp dân sự,26,1,Tranh chấp về quốc tịch Việt Nam giữa cá nhân với cá nhân,"Điều 26 Bộ luật Tố tụng dân sự, khoản/mục 1",Bộ luật Tố tụng dân sự - VBHN 99/VBHN-VPQH năm 2025,https://datafiles.chinhphu.vn/cpp/files/vbpq/2025/9/99-vbhn-vpqh.pdf,,,Danh mục cấp luật; không tự mở rộng thành các quan hệ chi tiết ngoài câu chữ điều luật.
DS_D26_2,Dân sự,Tranh chấp dân sự,26,2,Tranh chấp về quyền sở hữu và các quyền khác đối với tài sản,"Điều 26 Bộ luật Tố tụng dân sự, khoản/mục 2",Bộ luật Tố tụng dân sự - VBHN 99/VBHN-VPQH năm 2025,https://datafiles.chinhphu.vn/cpp/files/vbpq/2025/9/99-vbhn-vpqh.pdf,,,Danh mục cấp luật; không tự mở rộng thành các quan hệ chi tiết ngoài câu chữ điều luật.
DS_D26_3,Dân sự,Tranh chấp dân sự,26,3,"Tranh chấp về giao dịch dân sự, hợp đồng dân sự","Điều 26 Bộ luật Tố tụng dân sự, khoản/mục 3",Bộ luật Tố tụng dân sự - VBHN 99/VBHN-VPQH năm 2025,https://datafiles.chinhphu.vn/cpp/files/vbpq/2025/9/99-vbhn-vpqh.pdf,,,Danh mục cấp luật; không tự mở rộng thành các quan hệ chi tiết ngoài câu chữ điều luật.
DS_D26_4,Dân sự,Tranh chấp dân sự,26,4,"Tranh chấp về quyền sở hữu trí tuệ, chuyển giao công nghệ, trừ trường hợp quy định tại khoản 2 Điều 30","Điều 26 Bộ luật Tố tụng dân sự, khoản/mục 4",Bộ luật Tố tụng dân sự - VBHN 99/VBHN-VPQH năm 2025,https://datafiles.chinhphu.vn/cpp/files/vbpq/2025/9/99-vbhn-vpqh.pdf,,,Danh mục cấp luật; không tự mở rộng thành các quan hệ chi tiết ngoài câu chữ điều luật.
DS_D26_5,Dân sự,Tranh chấp dân sự,26,5,Tranh chấp về thừa kế tài sản,"Điều 26 Bộ luật Tố tụng dân sự, khoản/mục 5",Bộ luật Tố tụng dân sự - VBHN 99/VBHN-VPQH năm 2025,https://datafiles.chinhphu.vn/cpp/files/vbpq/2025/9/99-vbhn-vpqh.pdf,,,Danh mục cấp luật; không tự mở rộng thành các quan hệ chi tiết ngoài câu chữ điều luật.
DS_D26_6,Dân sự,Tranh chấp dân sự,26,6,Tranh chấp về bồi thường thiệt hại ngoài hợp đồng,"Điều 26 Bộ luật Tố tụng dân sự, khoản/mục 6",Bộ luật Tố tụng dân sự - VBHN 99/VBHN-VPQH năm 2025,https://datafiles.chinhphu.vn/cpp/files/vbpq/2025/9/99-vbhn-vpqh.pdf,,,Danh mục cấp luật; không tự mở rộng thành các quan hệ chi tiết ngoài câu chữ điều luật.
DS_D26_7,Dân sự,Tranh chấp dân sự,26,7,"Tranh chấp về bồi thường thiệt hại do áp dụng biện pháp ngăn chặn hành chính không đúng theo pháp luật về cạnh tranh, trừ trường hợp được giải quyết trong vụ án hành chính","Điều 26 Bộ luật Tố tụng dân sự, khoản/mục 7",Bộ luật Tố tụng dân sự - VBHN 99/VBHN-VPQH năm 2025,https://datafiles.chinhphu.vn/cpp/files/vbpq/2025/9/99-vbhn-vpqh.pdf,,,Danh mục cấp luật; không tự mở rộng thành các quan hệ chi tiết ngoài câu chữ điều luật.
DS_D26_8,Dân sự,Tranh chấp dân sự,26,8,"Tranh chấp về khai thác, sử dụng tài nguyên nước, xả thải vào nguồn nước theo Luật Tài nguyên nước","Điều 26 Bộ luật Tố tụng dân sự, khoản/mục 8",Bộ luật Tố tụng dân sự - VBHN 99/VBHN-VPQH năm 2025,https://datafiles.chinhphu.vn/cpp/files/vbpq/2025/9/99-vbhn-vpqh.pdf,,,Danh mục cấp luật; không tự mở rộng thành các quan hệ chi tiết ngoài câu chữ điều luật.
DS_D26_9,Dân sự,Tranh chấp dân sự,26,9,"Tranh chấp đất đai theo pháp luật đất đai; tranh chấp quyền sở hữu, quyền sử dụng rừng theo Luật Bảo vệ và phát triển rừng","Điều 26 Bộ luật Tố tụng dân sự, khoản/mục 9",Bộ luật Tố tụng dân sự - VBHN 99/VBHN-VPQH năm 2025,https://datafiles.chinhphu.vn/cpp/files/vbpq/2025/9/99-vbhn-vpqh.pdf,,,Danh mục cấp luật; không tự mở rộng thành các quan hệ chi tiết ngoài câu chữ điều luật.
DS_D26_10,Dân sự,Tranh chấp dân sự,26,10,Tranh chấp liên quan đến hoạt động nghiệp vụ báo chí theo pháp luật về báo chí,"Điều 26 Bộ luật Tố tụng dân sự, khoản/mục 10",Bộ luật Tố tụng dân sự - VBHN 99/VBHN-VPQH năm 2025,https://datafiles.chinhphu.vn/cpp/files/vbpq/2025/9/99-vbhn-vpqh.pdf,,,Danh mục cấp luật; không tự mở rộng thành các quan hệ chi tiết ngoài câu chữ điều luật.
DS_D26_11,Dân sự,Tranh chấp dân sự,26,11,Tranh chấp liên quan đến yêu cầu tuyên bố văn bản công chứng vô hiệu,"Điều 26 Bộ luật Tố tụng dân sự, khoản/mục 11",Bộ luật Tố tụng dân sự - VBHN 99/VBHN-VPQH năm 2025,https://datafiles.chinhphu.vn/cpp/files/vbpq/2025/9/99-vbhn-vpqh.pdf,,,Danh mục cấp luật; không tự mở rộng thành các quan hệ chi tiết ngoài câu chữ điều luật.
DS_D26_12,Dân sự,Tranh chấp dân sự,26,12,Tranh chấp liên quan đến tài sản bị cưỡng chế để thi hành án theo pháp luật thi hành án dân sự,"Điều 26 Bộ luật Tố tụng dân sự, khoản/mục 12",Bộ luật Tố tụng dân sự - VBHN 99/VBHN-VPQH năm 2025,https://datafiles.chinhphu.vn/cpp/files/vbpq/2025/9/99-vbhn-vpqh.pdf,,,Danh mục cấp luật; không tự mở rộng thành các quan hệ chi tiết ngoài câu chữ điều luật.
DS_D26_13,Dân sự,Tranh chấp dân sự,26,13,"Tranh chấp về kết quả bán đấu giá tài sản, thanh toán phí tổn đăng ký mua tài sản bán đấu giá theo pháp luật thi hành án dân sự","Điều 26 Bộ luật Tố tụng dân sự, khoản/mục 13",Bộ luật Tố tụng dân sự - VBHN 99/VBHN-VPQH năm 2025,https://datafiles.chinhphu.vn/cpp/files/vbpq/2025/9/99-vbhn-vpqh.pdf,,,Danh mục cấp luật; không tự mở rộng thành các quan hệ chi tiết ngoài câu chữ điều luật.
DS_D26_14,Dân sự,Tranh chấp dân sự,26,14,"Các tranh chấp khác về dân sự, trừ trường hợp thuộc thẩm quyền của cơ quan, tổ chức khác","Điều 26 Bộ luật Tố tụng dân sự, khoản/mục 14",Bộ luật Tố tụng dân sự - VBHN 99/VBHN-VPQH năm 2025,https://datafiles.chinhphu.vn/cpp/files/vbpq/2025/9/99-vbhn-vpqh.pdf,,,Danh mục cấp luật; không tự mở rộng thành các quan hệ chi tiết ngoài câu chữ điều luật.
DS_D27_1,Dân sự,Việc dân sự,27,1,"Yêu cầu tuyên bố hoặc hủy bỏ quyết định tuyên bố một người mất năng lực hành vi dân sự, bị hạn chế năng lực hành vi dân sự hoặc có khó khăn trong nhận thức, làm chủ hành vi","Điều 27 Bộ luật Tố tụng dân sự, khoản/mục 1",Bộ luật Tố tụng dân sự - VBHN 99/VBHN-VPQH năm 2025,https://datafiles.chinhphu.vn/cpp/files/vbpq/2025/9/99-vbhn-vpqh.pdf,,,Danh mục cấp luật; không tự mở rộng thành các quan hệ chi tiết ngoài câu chữ điều luật.
DS_D27_2,Dân sự,Việc dân sự,27,2,Yêu cầu thông báo tìm kiếm người vắng mặt tại nơi cư trú và quản lý tài sản của người đó,"Điều 27 Bộ luật Tố tụng dân sự, khoản/mục 2",Bộ luật Tố tụng dân sự - VBHN 99/VBHN-VPQH năm 2025,https://datafiles.chinhphu.vn/cpp/files/vbpq/2025/9/99-vbhn-vpqh.pdf,,,Danh mục cấp luật; không tự mở rộng thành các quan hệ chi tiết ngoài câu chữ điều luật.
DS_D27_3,Dân sự,Việc dân sự,27,3,Yêu cầu tuyên bố hoặc hủy bỏ quyết định tuyên bố một người mất tích,"Điều 27 Bộ luật Tố tụng dân sự, khoản/mục 3",Bộ luật Tố tụng dân sự - VBHN 99/VBHN-VPQH năm 2025,https://datafiles.chinhphu.vn/cpp/files/vbpq/2025/9/99-vbhn-vpqh.pdf,,,Danh mục cấp luật; không tự mở rộng thành các quan hệ chi tiết ngoài câu chữ điều luật.
DS_D27_4,Dân sự,Việc dân sự,27,4,Yêu cầu tuyên bố hoặc hủy bỏ quyết định tuyên bố một người là đã chết,"Điều 27 Bộ luật Tố tụng dân sự, khoản/mục 4",Bộ luật Tố tụng dân sự - VBHN 99/VBHN-VPQH năm 2025,https://datafiles.chinhphu.vn/cpp/files/vbpq/2025/9/99-vbhn-vpqh.pdf,,,Danh mục cấp luật; không tự mở rộng thành các quan hệ chi tiết ngoài câu chữ điều luật.
DS_D27_5,Dân sự,Việc dân sự,27,5,"Yêu cầu công nhận và cho thi hành tại Việt Nam hoặc không công nhận bản án, quyết định về dân sự, quyết định về tài sản trong bản án, quyết định hình sự, hành chính của Tòa án nước ngoài; hoặc không công nhận các bản án, quyết định đó khi không có yêu cầu thi hành tại Việt Nam","Điều 27 Bộ luật Tố tụng dân sự, khoản/mục 5",Bộ luật Tố tụng dân sự - VBHN 99/VBHN-VPQH năm 2025,https://datafiles.chinhphu.vn/cpp/files/vbpq/2025/9/99-vbhn-vpqh.pdf,,,Danh mục cấp luật; không tự mở rộng thành các quan hệ chi tiết ngoài câu chữ điều luật.
DS_D27_6,Dân sự,Việc dân sự,27,6,Yêu cầu tuyên bố văn bản công chứng vô hiệu,"Điều 27 Bộ luật Tố tụng dân sự, khoản/mục 6",Bộ luật Tố tụng dân sự - VBHN 99/VBHN-VPQH năm 2025,https://datafiles.chinhphu.vn/cpp/files/vbpq/2025/9/99-vbhn-vpqh.pdf,,,Danh mục cấp luật; không tự mở rộng thành các quan hệ chi tiết ngoài câu chữ điều luật.
DS_D27_7,Dân sự,Việc dân sự,27,7,Yêu cầu công nhận kết quả hòa giải thành ngoài Tòa án,"Điều 27 Bộ luật Tố tụng dân sự, khoản/mục 7",Bộ luật Tố tụng dân sự - VBHN 99/VBHN-VPQH năm 2025,https://datafiles.chinhphu.vn/cpp/files/vbpq/2025/9/99-vbhn-vpqh.pdf,,,Danh mục cấp luật; không tự mở rộng thành các quan hệ chi tiết ngoài câu chữ điều luật.
DS_D27_8,Dân sự,Việc dân sự,27,8,"Yêu cầu công nhận tài sản có trên lãnh thổ Việt Nam là vô chủ, công nhận quyền sở hữu của người đang quản lý đối với tài sản vô chủ trên lãnh thổ Việt Nam","Điều 27 Bộ luật Tố tụng dân sự, khoản/mục 8",Bộ luật Tố tụng dân sự - VBHN 99/VBHN-VPQH năm 2025,https://datafiles.chinhphu.vn/cpp/files/vbpq/2025/9/99-vbhn-vpqh.pdf,,,Danh mục cấp luật; không tự mở rộng thành các quan hệ chi tiết ngoài câu chữ điều luật.
DS_D27_9,Dân sự,Việc dân sự,27,9,"Yêu cầu xác định quyền sở hữu, quyền sử dụng tài sản, phân chia tài sản chung để thi hành án và yêu cầu khác theo Luật Thi hành án dân sự","Điều 27 Bộ luật Tố tụng dân sự, khoản/mục 9",Bộ luật Tố tụng dân sự - VBHN 99/VBHN-VPQH năm 2025,https://datafiles.chinhphu.vn/cpp/files/vbpq/2025/9/99-vbhn-vpqh.pdf,,,Danh mục cấp luật; không tự mở rộng thành các quan hệ chi tiết ngoài câu chữ điều luật.
DS_D27_10,Dân sự,Việc dân sự,27,10,"Các yêu cầu khác về dân sự, trừ trường hợp thuộc thẩm quyền của cơ quan, tổ chức khác","Điều 27 Bộ luật Tố tụng dân sự, khoản/mục 10",Bộ luật Tố tụng dân sự - VBHN 99/VBHN-VPQH năm 2025,https://datafiles.chinhphu.vn/cpp/files/vbpq/2025/9/99-vbhn-vpqh.pdf,,,Danh mục cấp luật; không tự mở rộng thành các quan hệ chi tiết ngoài câu chữ điều luật.
HNGD_D28_1,Hôn nhân và gia đình,Tranh chấp hôn nhân và gia đình,28,1,"Ly hôn, tranh chấp về nuôi con, chia tài sản khi ly hôn; chia tài sản sau khi ly hôn","Điều 28 Bộ luật Tố tụng dân sự, khoản/mục 1",Bộ luật Tố tụng dân sự - VBHN 99/VBHN-VPQH năm 2025,https://datafiles.chinhphu.vn/cpp/files/vbpq/2025/9/99-vbhn-vpqh.pdf,,,Danh mục cấp luật; không tự mở rộng thành các quan hệ chi tiết ngoài câu chữ điều luật.
HNGD_D28_2,Hôn nhân và gia đình,Tranh chấp hôn nhân và gia đình,28,2,Tranh chấp về chia tài sản chung của vợ chồng trong thời kỳ hôn nhân,"Điều 28 Bộ luật Tố tụng dân sự, khoản/mục 2",Bộ luật Tố tụng dân sự - VBHN 99/VBHN-VPQH năm 2025,https://datafiles.chinhphu.vn/cpp/files/vbpq/2025/9/99-vbhn-vpqh.pdf,,,Danh mục cấp luật; không tự mở rộng thành các quan hệ chi tiết ngoài câu chữ điều luật.
HNGD_D28_3,Hôn nhân và gia đình,Tranh chấp hôn nhân và gia đình,28,3,Tranh chấp về thay đổi người trực tiếp nuôi con sau khi ly hôn,"Điều 28 Bộ luật Tố tụng dân sự, khoản/mục 3",Bộ luật Tố tụng dân sự - VBHN 99/VBHN-VPQH năm 2025,https://datafiles.chinhphu.vn/cpp/files/vbpq/2025/9/99-vbhn-vpqh.pdf,,,Danh mục cấp luật; không tự mở rộng thành các quan hệ chi tiết ngoài câu chữ điều luật.
HNGD_D28_4,Hôn nhân và gia đình,Tranh chấp hôn nhân và gia đình,28,4,"Tranh chấp về xác định cha, mẹ cho con hoặc xác định con cho cha, mẹ","Điều 28 Bộ luật Tố tụng dân sự, khoản/mục 4",Bộ luật Tố tụng dân sự - VBHN 99/VBHN-VPQH năm 2025,https://datafiles.chinhphu.vn/cpp/files/vbpq/2025/9/99-vbhn-vpqh.pdf,,,Danh mục cấp luật; không tự mở rộng thành các quan hệ chi tiết ngoài câu chữ điều luật.
HNGD_D28_5,Hôn nhân và gia đình,Tranh chấp hôn nhân và gia đình,28,5,Tranh chấp về cấp dưỡng,"Điều 28 Bộ luật Tố tụng dân sự, khoản/mục 5",Bộ luật Tố tụng dân sự - VBHN 99/VBHN-VPQH năm 2025,https://datafiles.chinhphu.vn/cpp/files/vbpq/2025/9/99-vbhn-vpqh.pdf,,,Danh mục cấp luật; không tự mở rộng thành các quan hệ chi tiết ngoài câu chữ điều luật.
HNGD_D28_6,Hôn nhân và gia đình,Tranh chấp hôn nhân và gia đình,28,6,"Tranh chấp về sinh con bằng kỹ thuật hỗ trợ sinh sản, mang thai hộ vì mục đích nhân đạo","Điều 28 Bộ luật Tố tụng dân sự, khoản/mục 6",Bộ luật Tố tụng dân sự - VBHN 99/VBHN-VPQH năm 2025,https://datafiles.chinhphu.vn/cpp/files/vbpq/2025/9/99-vbhn-vpqh.pdf,,,Danh mục cấp luật; không tự mở rộng thành các quan hệ chi tiết ngoài câu chữ điều luật.
HNGD_D28_7,Hôn nhân và gia đình,Tranh chấp hôn nhân và gia đình,28,7,"Tranh chấp về nuôi con, chia tài sản của nam, nữ chung sống như vợ chồng mà không đăng ký kết hôn hoặc khi hủy kết hôn trái pháp luật","Điều 28 Bộ luật Tố tụng dân sự, khoản/mục 7",Bộ luật Tố tụng dân sự - VBHN 99/VBHN-VPQH năm 2025,https://datafiles.chinhphu.vn/cpp/files/vbpq/2025/9/99-vbhn-vpqh.pdf,,,Danh mục cấp luật; không tự mở rộng thành các quan hệ chi tiết ngoài câu chữ điều luật.
HNGD_D28_8,Hôn nhân và gia đình,Tranh chấp hôn nhân và gia đình,28,8,"Các tranh chấp khác về hôn nhân và gia đình, trừ trường hợp thuộc thẩm quyền của cơ quan, tổ chức khác","Điều 28 Bộ luật Tố tụng dân sự, khoản/mục 8",Bộ luật Tố tụng dân sự - VBHN 99/VBHN-VPQH năm 2025,https://datafiles.chinhphu.vn/cpp/files/vbpq/2025/9/99-vbhn-vpqh.pdf,,,Danh mục cấp luật; không tự mở rộng thành các quan hệ chi tiết ngoài câu chữ điều luật.
HNGD_D29_1,Hôn nhân và gia đình,Việc hôn nhân và gia đình,29,1,Yêu cầu hủy việc kết hôn trái pháp luật,"Điều 29 Bộ luật Tố tụng dân sự, khoản/mục 1",Bộ luật Tố tụng dân sự - VBHN 99/VBHN-VPQH năm 2025,https://datafiles.chinhphu.vn/cpp/files/vbpq/2025/9/99-vbhn-vpqh.pdf,,,Danh mục cấp luật; không tự mở rộng thành các quan hệ chi tiết ngoài câu chữ điều luật.
HNGD_D29_2,Hôn nhân và gia đình,Việc hôn nhân và gia đình,29,2,"Yêu cầu công nhận thuận tình ly hôn, thỏa thuận nuôi con, chia tài sản khi ly hôn","Điều 29 Bộ luật Tố tụng dân sự, khoản/mục 2",Bộ luật Tố tụng dân sự - VBHN 99/VBHN-VPQH năm 2025,https://datafiles.chinhphu.vn/cpp/files/vbpq/2025/9/99-vbhn-vpqh.pdf,,,Danh mục cấp luật; không tự mở rộng thành các quan hệ chi tiết ngoài câu chữ điều luật.
HNGD_D29_3,Hôn nhân và gia đình,Việc hôn nhân và gia đình,29,3,"Yêu cầu công nhận thỏa thuận của cha, mẹ về thay đổi người trực tiếp nuôi con sau khi ly hôn hoặc công nhận việc thay đổi người trực tiếp nuôi con sau khi ly hôn của cơ quan, tổ chức, cá nhân","Điều 29 Bộ luật Tố tụng dân sự, khoản/mục 3",Bộ luật Tố tụng dân sự - VBHN 99/VBHN-VPQH năm 2025,https://datafiles.chinhphu.vn/cpp/files/vbpq/2025/9/99-vbhn-vpqh.pdf,,,Danh mục cấp luật; không tự mở rộng thành các quan hệ chi tiết ngoài câu chữ điều luật.
HNGD_D29_4,Hôn nhân và gia đình,Việc hôn nhân và gia đình,29,4,"Yêu cầu hạn chế quyền của cha, mẹ đối với con chưa thành niên hoặc quyền thăm nom con sau khi ly hôn","Điều 29 Bộ luật Tố tụng dân sự, khoản/mục 4",Bộ luật Tố tụng dân sự - VBHN 99/VBHN-VPQH năm 2025,https://datafiles.chinhphu.vn/cpp/files/vbpq/2025/9/99-vbhn-vpqh.pdf,,,Danh mục cấp luật; không tự mở rộng thành các quan hệ chi tiết ngoài câu chữ điều luật.
HNGD_D29_5,Hôn nhân và gia đình,Việc hôn nhân và gia đình,29,5,Yêu cầu chấm dứt việc nuôi con nuôi,"Điều 29 Bộ luật Tố tụng dân sự, khoản/mục 5",Bộ luật Tố tụng dân sự - VBHN 99/VBHN-VPQH năm 2025,https://datafiles.chinhphu.vn/cpp/files/vbpq/2025/9/99-vbhn-vpqh.pdf,,,Danh mục cấp luật; không tự mở rộng thành các quan hệ chi tiết ngoài câu chữ điều luật.
HNGD_D29_6,Hôn nhân và gia đình,Việc hôn nhân và gia đình,29,6,Yêu cầu liên quan đến việc mang thai hộ,"Điều 29 Bộ luật Tố tụng dân sự, khoản/mục 6",Bộ luật Tố tụng dân sự - VBHN 99/VBHN-VPQH năm 2025,https://datafiles.chinhphu.vn/cpp/files/vbpq/2025/9/99-vbhn-vpqh.pdf,,,Danh mục cấp luật; không tự mở rộng thành các quan hệ chi tiết ngoài câu chữ điều luật.
HNGD_D29_7,Hôn nhân và gia đình,Việc hôn nhân và gia đình,29,7,"Yêu cầu công nhận thỏa thuận chấm dứt hiệu lực của việc chia tài sản chung trong thời kỳ hôn nhân đã được thực hiện theo bản án, quyết định của Tòa án","Điều 29 Bộ luật Tố tụng dân sự, khoản/mục 7",Bộ luật Tố tụng dân sự - VBHN 99/VBHN-VPQH năm 2025,https://datafiles.chinhphu.vn/cpp/files/vbpq/2025/9/99-vbhn-vpqh.pdf,,,Danh mục cấp luật; không tự mở rộng thành các quan hệ chi tiết ngoài câu chữ điều luật.
HNGD_D29_8,Hôn nhân và gia đình,Việc hôn nhân và gia đình,29,8,Yêu cầu tuyên bố vô hiệu thỏa thuận về chế độ tài sản của vợ chồng,"Điều 29 Bộ luật Tố tụng dân sự, khoản/mục 8",Bộ luật Tố tụng dân sự - VBHN 99/VBHN-VPQH năm 2025,https://datafiles.chinhphu.vn/cpp/files/vbpq/2025/9/99-vbhn-vpqh.pdf,,,Danh mục cấp luật; không tự mở rộng thành các quan hệ chi tiết ngoài câu chữ điều luật.
HNGD_D29_9,Hôn nhân và gia đình,Việc hôn nhân và gia đình,29,9,"Yêu cầu công nhận và cho thi hành tại Việt Nam hoặc không công nhận bản án, quyết định về hôn nhân và gia đình của Tòa án/cơ quan có thẩm quyền nước ngoài; hoặc không công nhận khi không có yêu cầu thi hành tại Việt Nam","Điều 29 Bộ luật Tố tụng dân sự, khoản/mục 9",Bộ luật Tố tụng dân sự - VBHN 99/VBHN-VPQH năm 2025,https://datafiles.chinhphu.vn/cpp/files/vbpq/2025/9/99-vbhn-vpqh.pdf,,,Danh mục cấp luật; không tự mở rộng thành các quan hệ chi tiết ngoài câu chữ điều luật.
HNGD_D29_10,Hôn nhân và gia đình,Việc hôn nhân và gia đình,29,10,"Yêu cầu xác định cha, mẹ cho con hoặc con cho cha, mẹ","Điều 29 Bộ luật Tố tụng dân sự, khoản/mục 10",Bộ luật Tố tụng dân sự - VBHN 99/VBHN-VPQH năm 2025,https://datafiles.chinhphu.vn/cpp/files/vbpq/2025/9/99-vbhn-vpqh.pdf,,,Danh mục cấp luật; không tự mở rộng thành các quan hệ chi tiết ngoài câu chữ điều luật.
HNGD_D29_11,Hôn nhân và gia đình,Việc hôn nhân và gia đình,29,11,"Các yêu cầu khác về hôn nhân và gia đình, trừ trường hợp thuộc thẩm quyền của cơ quan, tổ chức khác","Điều 29 Bộ luật Tố tụng dân sự, khoản/mục 11",Bộ luật Tố tụng dân sự - VBHN 99/VBHN-VPQH năm 2025,https://datafiles.chinhphu.vn/cpp/files/vbpq/2025/9/99-vbhn-vpqh.pdf,,,Danh mục cấp luật; không tự mở rộng thành các quan hệ chi tiết ngoài câu chữ điều luật.
KDTM_D30_1,Kinh doanh thương mại,"Tranh chấp kinh doanh, thương mại",30,1,"Tranh chấp phát sinh trong hoạt động kinh doanh, thương mại giữa cá nhân, tổ chức có đăng ký kinh doanh với nhau và đều có mục đích lợi nhuận","Điều 30 Bộ luật Tố tụng dân sự, khoản/mục 1",Bộ luật Tố tụng dân sự - VBHN 99/VBHN-VPQH năm 2025,https://datafiles.chinhphu.vn/cpp/files/vbpq/2025/9/99-vbhn-vpqh.pdf,,,Danh mục cấp luật; không tự mở rộng thành các quan hệ chi tiết ngoài câu chữ điều luật.
KDTM_D30_2,Kinh doanh thương mại,"Tranh chấp kinh doanh, thương mại",30,2,"Tranh chấp về quyền sở hữu trí tuệ, chuyển giao công nghệ giữa cá nhân, tổ chức với nhau và đều có mục đích lợi nhuận","Điều 30 Bộ luật Tố tụng dân sự, khoản/mục 2",Bộ luật Tố tụng dân sự - VBHN 99/VBHN-VPQH năm 2025,https://datafiles.chinhphu.vn/cpp/files/vbpq/2025/9/99-vbhn-vpqh.pdf,,,Danh mục cấp luật; không tự mở rộng thành các quan hệ chi tiết ngoài câu chữ điều luật.
KDTM_D30_3,Kinh doanh thương mại,"Tranh chấp kinh doanh, thương mại",30,3,"Tranh chấp giữa người chưa phải là thành viên công ty nhưng có giao dịch về chuyển nhượng phần vốn góp với công ty, thành viên công ty","Điều 30 Bộ luật Tố tụng dân sự, khoản/mục 3",Bộ luật Tố tụng dân sự - VBHN 99/VBHN-VPQH năm 2025,https://datafiles.chinhphu.vn/cpp/files/vbpq/2025/9/99-vbhn-vpqh.pdf,,,Danh mục cấp luật; không tự mở rộng thành các quan hệ chi tiết ngoài câu chữ điều luật.
KDTM_D30_4,Kinh doanh thương mại,"Tranh chấp kinh doanh, thương mại",30,4,"Tranh chấp giữa công ty với thành viên/người quản lý; giữa các thành viên công ty với nhau liên quan đến thành lập, hoạt động, giải thể, sáp nhập, hợp nhất, chia, tách, bàn giao tài sản, chuyển đổi hình thức tổ chức của công ty","Điều 30 Bộ luật Tố tụng dân sự, khoản/mục 4",Bộ luật Tố tụng dân sự - VBHN 99/VBHN-VPQH năm 2025,https://datafiles.chinhphu.vn/cpp/files/vbpq/2025/9/99-vbhn-vpqh.pdf,,,Danh mục cấp luật; không tự mở rộng thành các quan hệ chi tiết ngoài câu chữ điều luật.
KDTM_D30_5,Kinh doanh thương mại,"Tranh chấp kinh doanh, thương mại",30,5,"Các tranh chấp khác về kinh doanh, thương mại, trừ trường hợp thuộc thẩm quyền của cơ quan, tổ chức khác","Điều 30 Bộ luật Tố tụng dân sự, khoản/mục 5",Bộ luật Tố tụng dân sự - VBHN 99/VBHN-VPQH năm 2025,https://datafiles.chinhphu.vn/cpp/files/vbpq/2025/9/99-vbhn-vpqh.pdf,,,Danh mục cấp luật; không tự mở rộng thành các quan hệ chi tiết ngoài câu chữ điều luật.
KDTM_D31_1,Kinh doanh thương mại,"Việc kinh doanh, thương mại",31,1,"Yêu cầu hủy bỏ nghị quyết của Đại hội đồng cổ đông, nghị quyết của Hội đồng thành viên","Điều 31 Bộ luật Tố tụng dân sự, khoản/mục 1",Bộ luật Tố tụng dân sự - VBHN 99/VBHN-VPQH năm 2025,https://datafiles.chinhphu.vn/cpp/files/vbpq/2025/9/99-vbhn-vpqh.pdf,,,Danh mục cấp luật; không tự mở rộng thành các quan hệ chi tiết ngoài câu chữ điều luật.
KDTM_D31_2,Kinh doanh thương mại,"Việc kinh doanh, thương mại",31,2,Yêu cầu liên quan đến việc Trọng tài thương mại Việt Nam giải quyết tranh chấp,"Điều 31 Bộ luật Tố tụng dân sự, khoản/mục 2",Bộ luật Tố tụng dân sự - VBHN 99/VBHN-VPQH năm 2025,https://datafiles.chinhphu.vn/cpp/files/vbpq/2025/9/99-vbhn-vpqh.pdf,,,Danh mục cấp luật; không tự mở rộng thành các quan hệ chi tiết ngoài câu chữ điều luật.
KDTM_D31_3,Kinh doanh thương mại,"Việc kinh doanh, thương mại",31,3,"Yêu cầu bắt giữ tàu bay, tàu biển theo pháp luật hàng không dân dụng, hàng hải, trừ bắt giữ để bảo đảm giải quyết vụ án","Điều 31 Bộ luật Tố tụng dân sự, khoản/mục 3",Bộ luật Tố tụng dân sự - VBHN 99/VBHN-VPQH năm 2025,https://datafiles.chinhphu.vn/cpp/files/vbpq/2025/9/99-vbhn-vpqh.pdf,,,Danh mục cấp luật; không tự mở rộng thành các quan hệ chi tiết ngoài câu chữ điều luật.
KDTM_D31_4,Kinh doanh thương mại,"Việc kinh doanh, thương mại",31,4,"Yêu cầu công nhận và cho thi hành tại Việt Nam hoặc không công nhận bản án, quyết định kinh doanh, thương mại của Tòa án nước ngoài; hoặc không công nhận khi không có yêu cầu thi hành tại Việt Nam","Điều 31 Bộ luật Tố tụng dân sự, khoản/mục 4",Bộ luật Tố tụng dân sự - VBHN 99/VBHN-VPQH năm 2025,https://datafiles.chinhphu.vn/cpp/files/vbpq/2025/9/99-vbhn-vpqh.pdf,,,Danh mục cấp luật; không tự mở rộng thành các quan hệ chi tiết ngoài câu chữ điều luật.
KDTM_D31_5,Kinh doanh thương mại,"Việc kinh doanh, thương mại",31,5,"Yêu cầu công nhận và cho thi hành tại Việt Nam phán quyết kinh doanh, thương mại của Trọng tài nước ngoài","Điều 31 Bộ luật Tố tụng dân sự, khoản/mục 5",Bộ luật Tố tụng dân sự - VBHN 99/VBHN-VPQH năm 2025,https://datafiles.chinhphu.vn/cpp/files/vbpq/2025/9/99-vbhn-vpqh.pdf,,,Danh mục cấp luật; không tự mở rộng thành các quan hệ chi tiết ngoài câu chữ điều luật.
KDTM_D31_6,Kinh doanh thương mại,"Việc kinh doanh, thương mại",31,6,"Các yêu cầu khác về kinh doanh, thương mại, trừ trường hợp thuộc thẩm quyền của cơ quan, tổ chức khác","Điều 31 Bộ luật Tố tụng dân sự, khoản/mục 6",Bộ luật Tố tụng dân sự - VBHN 99/VBHN-VPQH năm 2025,https://datafiles.chinhphu.vn/cpp/files/vbpq/2025/9/99-vbhn-vpqh.pdf,,,Danh mục cấp luật; không tự mở rộng thành các quan hệ chi tiết ngoài câu chữ điều luật.
LD_D32_1,Lao động,Tranh chấp lao động,32,1,"Tranh chấp lao động cá nhân giữa người lao động với người sử dụng lao động phải qua hòa giải nhưng hòa giải thành không thực hiện/không đúng, hòa giải không thành hoặc hết thời hạn hòa giải mà hòa giải viên không tiến hành hòa giải","Điều 32 Bộ luật Tố tụng dân sự, khoản/mục 1",Bộ luật Tố tụng dân sự - VBHN 99/VBHN-VPQH năm 2025,https://datafiles.chinhphu.vn/cpp/files/vbpq/2025/9/99-vbhn-vpqh.pdf,,,Danh mục cấp luật; không tự mở rộng thành các quan hệ chi tiết ngoài câu chữ điều luật.
LD_D32_1_a,Lao động,Tranh chấp lao động,32,1.a,Tranh chấp về xử lý kỷ luật lao động theo hình thức sa thải hoặc về trường hợp bị đơn phương chấm dứt hợp đồng lao động,"Điều 32 Bộ luật Tố tụng dân sự, khoản/mục 1.a",Bộ luật Tố tụng dân sự - VBHN 99/VBHN-VPQH năm 2025,https://datafiles.chinhphu.vn/cpp/files/vbpq/2025/9/99-vbhn-vpqh.pdf,,,Danh mục cấp luật; không tự mở rộng thành các quan hệ chi tiết ngoài câu chữ điều luật.
LD_D32_1_b,Lao động,Tranh chấp lao động,32,1.b,"Tranh chấp về bồi thường thiệt hại, trợ cấp khi chấm dứt hợp đồng lao động","Điều 32 Bộ luật Tố tụng dân sự, khoản/mục 1.b",Bộ luật Tố tụng dân sự - VBHN 99/VBHN-VPQH năm 2025,https://datafiles.chinhphu.vn/cpp/files/vbpq/2025/9/99-vbhn-vpqh.pdf,,,Danh mục cấp luật; không tự mở rộng thành các quan hệ chi tiết ngoài câu chữ điều luật.
LD_D32_1_c,Lao động,Tranh chấp lao động,32,1.c,Tranh chấp giữa người giúp việc gia đình với người sử dụng lao động,"Điều 32 Bộ luật Tố tụng dân sự, khoản/mục 1.c",Bộ luật Tố tụng dân sự - VBHN 99/VBHN-VPQH năm 2025,https://datafiles.chinhphu.vn/cpp/files/vbpq/2025/9/99-vbhn-vpqh.pdf,,,Danh mục cấp luật; không tự mở rộng thành các quan hệ chi tiết ngoài câu chữ điều luật.
LD_D32_1_d,Lao động,Tranh chấp lao động,32,1.d,"Tranh chấp về bảo hiểm xã hội, bảo hiểm y tế, bảo hiểm thất nghiệp, bảo hiểm tai nạn lao động, bệnh nghề nghiệp","Điều 32 Bộ luật Tố tụng dân sự, khoản/mục 1.d",Bộ luật Tố tụng dân sự - VBHN 99/VBHN-VPQH năm 2025,https://datafiles.chinhphu.vn/cpp/files/vbpq/2025/9/99-vbhn-vpqh.pdf,,,Danh mục cấp luật; không tự mở rộng thành các quan hệ chi tiết ngoài câu chữ điều luật.
LD_D32_1_dd,Lao động,Tranh chấp lao động,32,1.dd,"Tranh chấp về bồi thường thiệt hại giữa người lao động với doanh nghiệp, tổ chức đưa người lao động đi làm việc ở nước ngoài theo hợp đồng","Điều 32 Bộ luật Tố tụng dân sự, khoản/mục 1.dd",Bộ luật Tố tụng dân sự - VBHN 99/VBHN-VPQH năm 2025,https://datafiles.chinhphu.vn/cpp/files/vbpq/2025/9/99-vbhn-vpqh.pdf,,,Danh mục cấp luật; không tự mở rộng thành các quan hệ chi tiết ngoài câu chữ điều luật.
LD_D32_1_e,Lao động,Tranh chấp lao động,32,1.e,Tranh chấp giữa người lao động thuê lại với người sử dụng lao động thuê lại,"Điều 32 Bộ luật Tố tụng dân sự, khoản/mục 1.e",Bộ luật Tố tụng dân sự - VBHN 99/VBHN-VPQH năm 2025,https://datafiles.chinhphu.vn/cpp/files/vbpq/2025/9/99-vbhn-vpqh.pdf,,,Danh mục cấp luật; không tự mở rộng thành các quan hệ chi tiết ngoài câu chữ điều luật.
LD_D32_1a,Lao động,Tranh chấp lao động,32,1a,Tranh chấp lao động cá nhân đã chọn Hội đồng trọng tài lao động nhưng Ban trọng tài không được thành lập/không ra quyết định/một bên không thi hành quyết định,"Điều 32 Bộ luật Tố tụng dân sự, khoản/mục 1a",Bộ luật Tố tụng dân sự - VBHN 99/VBHN-VPQH năm 2025,https://datafiles.chinhphu.vn/cpp/files/vbpq/2025/9/99-vbhn-vpqh.pdf,,,Danh mục cấp luật; không tự mở rộng thành các quan hệ chi tiết ngoài câu chữ điều luật.
LD_D32_1b,Lao động,Tranh chấp lao động,32,1b,Tranh chấp lao động tập thể về quyền đã qua hòa giải nhưng hòa giải không thành/hết thời hạn hòa giải/một bên không thực hiện biên bản hòa giải thành,"Điều 32 Bộ luật Tố tụng dân sự, khoản/mục 1b",Bộ luật Tố tụng dân sự - VBHN 99/VBHN-VPQH năm 2025,https://datafiles.chinhphu.vn/cpp/files/vbpq/2025/9/99-vbhn-vpqh.pdf,,,Danh mục cấp luật; không tự mở rộng thành các quan hệ chi tiết ngoài câu chữ điều luật.
LD_D32_1c,Lao động,Tranh chấp lao động,32,1c,Tranh chấp lao động tập thể về quyền đã chọn Hội đồng trọng tài lao động nhưng Ban trọng tài không được thành lập/không ra quyết định/một bên không thi hành quyết định,"Điều 32 Bộ luật Tố tụng dân sự, khoản/mục 1c",Bộ luật Tố tụng dân sự - VBHN 99/VBHN-VPQH năm 2025,https://datafiles.chinhphu.vn/cpp/files/vbpq/2025/9/99-vbhn-vpqh.pdf,,,Danh mục cấp luật; không tự mở rộng thành các quan hệ chi tiết ngoài câu chữ điều luật.
LD_D32_3_a,Lao động,Tranh chấp lao động,32,3.a,"Tranh chấp liên quan đến lao động: học nghề, tập nghề","Điều 32 Bộ luật Tố tụng dân sự, khoản/mục 3.a",Bộ luật Tố tụng dân sự - VBHN 99/VBHN-VPQH năm 2025,https://datafiles.chinhphu.vn/cpp/files/vbpq/2025/9/99-vbhn-vpqh.pdf,,,Danh mục cấp luật; không tự mở rộng thành các quan hệ chi tiết ngoài câu chữ điều luật.
LD_D32_3_b,Lao động,Tranh chấp lao động,32,3.b,Tranh chấp liên quan đến lao động: cho thuê lại lao động,"Điều 32 Bộ luật Tố tụng dân sự, khoản/mục 3.b",Bộ luật Tố tụng dân sự - VBHN 99/VBHN-VPQH năm 2025,https://datafiles.chinhphu.vn/cpp/files/vbpq/2025/9/99-vbhn-vpqh.pdf,,,Danh mục cấp luật; không tự mở rộng thành các quan hệ chi tiết ngoài câu chữ điều luật.
LD_D32_3_c,Lao động,Tranh chấp lao động,32,3.c,"Tranh chấp liên quan đến lao động: quyền công đoàn, kinh phí công đoàn","Điều 32 Bộ luật Tố tụng dân sự, khoản/mục 3.c",Bộ luật Tố tụng dân sự - VBHN 99/VBHN-VPQH năm 2025,https://datafiles.chinhphu.vn/cpp/files/vbpq/2025/9/99-vbhn-vpqh.pdf,,,Danh mục cấp luật; không tự mở rộng thành các quan hệ chi tiết ngoài câu chữ điều luật.
LD_D32_3_d,Lao động,Tranh chấp lao động,32,3.d,"Tranh chấp liên quan đến lao động: an toàn lao động, vệ sinh lao động","Điều 32 Bộ luật Tố tụng dân sự, khoản/mục 3.d",Bộ luật Tố tụng dân sự - VBHN 99/VBHN-VPQH năm 2025,https://datafiles.chinhphu.vn/cpp/files/vbpq/2025/9/99-vbhn-vpqh.pdf,,,Danh mục cấp luật; không tự mở rộng thành các quan hệ chi tiết ngoài câu chữ điều luật.
LD_D32_4,Lao động,Tranh chấp lao động,32,4,Tranh chấp về bồi thường thiệt hại do đình công bất hợp pháp,"Điều 32 Bộ luật Tố tụng dân sự, khoản/mục 4",Bộ luật Tố tụng dân sự - VBHN 99/VBHN-VPQH năm 2025,https://datafiles.chinhphu.vn/cpp/files/vbpq/2025/9/99-vbhn-vpqh.pdf,,,Danh mục cấp luật; không tự mở rộng thành các quan hệ chi tiết ngoài câu chữ điều luật.
LD_D32_5,Lao động,Tranh chấp lao động,32,5,"Các tranh chấp khác về lao động, trừ trường hợp thuộc thẩm quyền của cơ quan, tổ chức khác","Điều 32 Bộ luật Tố tụng dân sự, khoản/mục 5",Bộ luật Tố tụng dân sự - VBHN 99/VBHN-VPQH năm 2025,https://datafiles.chinhphu.vn/cpp/files/vbpq/2025/9/99-vbhn-vpqh.pdf,,,Danh mục cấp luật; không tự mở rộng thành các quan hệ chi tiết ngoài câu chữ điều luật.
LD_D33_1,Lao động,Việc lao động,33,1,"Yêu cầu tuyên bố hợp đồng lao động, thỏa ước lao động tập thể vô hiệu","Điều 33 Bộ luật Tố tụng dân sự, khoản/mục 1",Bộ luật Tố tụng dân sự - VBHN 99/VBHN-VPQH năm 2025,https://datafiles.chinhphu.vn/cpp/files/vbpq/2025/9/99-vbhn-vpqh.pdf,,,Danh mục cấp luật; không tự mở rộng thành các quan hệ chi tiết ngoài câu chữ điều luật.
LD_D33_2,Lao động,Việc lao động,33,2,Yêu cầu xét tính hợp pháp của cuộc đình công,"Điều 33 Bộ luật Tố tụng dân sự, khoản/mục 2",Bộ luật Tố tụng dân sự - VBHN 99/VBHN-VPQH năm 2025,https://datafiles.chinhphu.vn/cpp/files/vbpq/2025/9/99-vbhn-vpqh.pdf,,,Danh mục cấp luật; không tự mở rộng thành các quan hệ chi tiết ngoài câu chữ điều luật.
LD_D33_3,Lao động,Việc lao động,33,3,"Yêu cầu công nhận và cho thi hành tại Việt Nam hoặc không công nhận bản án, quyết định lao động của Tòa án nước ngoài; hoặc không công nhận khi không có yêu cầu thi hành tại Việt Nam","Điều 33 Bộ luật Tố tụng dân sự, khoản/mục 3",Bộ luật Tố tụng dân sự - VBHN 99/VBHN-VPQH năm 2025,https://datafiles.chinhphu.vn/cpp/files/vbpq/2025/9/99-vbhn-vpqh.pdf,,,Danh mục cấp luật; không tự mở rộng thành các quan hệ chi tiết ngoài câu chữ điều luật.
LD_D33_4,Lao động,Việc lao động,33,4,Yêu cầu công nhận và cho thi hành tại Việt Nam phán quyết lao động của Trọng tài nước ngoài,"Điều 33 Bộ luật Tố tụng dân sự, khoản/mục 4",Bộ luật Tố tụng dân sự - VBHN 99/VBHN-VPQH năm 2025,https://datafiles.chinhphu.vn/cpp/files/vbpq/2025/9/99-vbhn-vpqh.pdf,,,Danh mục cấp luật; không tự mở rộng thành các quan hệ chi tiết ngoài câu chữ điều luật.
LD_D33_5,Lao động,Việc lao động,33,5,"Các yêu cầu khác về lao động, trừ trường hợp thuộc thẩm quyền của cơ quan, tổ chức khác","Điều 33 Bộ luật Tố tụng dân sự, khoản/mục 5",Bộ luật Tố tụng dân sự - VBHN 99/VBHN-VPQH năm 2025,https://datafiles.chinhphu.vn/cpp/files/vbpq/2025/9/99-vbhn-vpqh.pdf,,,Danh mục cấp luật; không tự mở rộng thành các quan hệ chi tiết ngoài câu chữ điều luật.
HC_D30_1,Hành chính,Khiếu kiện hành chính,30,1,"Khiếu kiện quyết định hành chính, hành vi hành chính, trừ quyết định/hành vi thuộc bí mật nhà nước về quốc phòng, an ninh, ngoại giao; quyết định/hành vi của Tòa án trong áp dụng biện pháp xử lý hành chính, xử lý hành vi cản trở tố tụng; quyết định/hành vi nội bộ","Điều 30 Luật Tố tụng hành chính, khoản/mục 1",Luật Tố tụng hành chính - VBHN 109/VBHN-VPQH năm 2025,https://datafiles.chinhphu.vn/cpp/files/vbpq/2025/9/109-vbhn-vpqh.pdf,,,Danh mục cấp luật; không tự mở rộng thành các quan hệ chi tiết ngoài câu chữ điều luật.
HC_D30_2,Hành chính,Khiếu kiện hành chính,30,2,Khiếu kiện quyết định kỷ luật buộc thôi việc công chức giữ chức vụ dưới Thứ trưởng và dưới tương đương Thứ trưởng,"Điều 30 Luật Tố tụng hành chính, khoản/mục 2",Luật Tố tụng hành chính - VBHN 109/VBHN-VPQH năm 2025,https://datafiles.chinhphu.vn/cpp/files/vbpq/2025/9/109-vbhn-vpqh.pdf,,,Danh mục cấp luật; không tự mở rộng thành các quan hệ chi tiết ngoài câu chữ điều luật.
HC_D30_3,Hành chính,Khiếu kiện hành chính,30,3,"Khiếu kiện quyết định giải quyết khiếu nại về quyết định xử lý vụ việc cạnh tranh, quyết định giải quyết khiếu nại trong hoạt động kiểm toán nhà nước","Điều 30 Luật Tố tụng hành chính, khoản/mục 3",Luật Tố tụng hành chính - VBHN 109/VBHN-VPQH năm 2025,https://datafiles.chinhphu.vn/cpp/files/vbpq/2025/9/109-vbhn-vpqh.pdf,,,Danh mục cấp luật; không tự mở rộng thành các quan hệ chi tiết ngoài câu chữ điều luật.
HC_D30_4,Hành chính,Khiếu kiện hành chính,30,4,Khiếu kiện danh sách cử tri,"Điều 30 Luật Tố tụng hành chính, khoản/mục 4",Luật Tố tụng hành chính - VBHN 109/VBHN-VPQH năm 2025,https://datafiles.chinhphu.vn/cpp/files/vbpq/2025/9/109-vbhn-vpqh.pdf,,,Danh mục cấp luật; không tự mở rộng thành các quan hệ chi tiết ngoài câu chữ điều luật.
